gene,mean_ADRN,mean_MES,difference,p_value,q_value,significant,abs_difference
MYC,-0.1662,-1.1511,0.9849,0.019161,0.510974,No,0.9849
MYCN,-0.8447,-0.2327,-0.612,0.112366,0.59823,No,0.612
SOX11,-0.5897,-0.052,-0.5377,0.012196,0.510974,No,0.5377
GATA3,-0.8185,-0.394,-0.4245,0.060154,0.510974,No,0.4245
ISL1,-1.0189,-0.6377,-0.3812,0.191718,0.652879,No,0.3812
TP53,0.3751,0.7313,-0.3562,0.335554,0.757251,No,0.3562
BCLAF1,-1.1681,-0.8362,-0.3318,0.169019,0.638893,No,0.3318
MLX,-0.2201,0.1015,-0.3216,0.019161,0.510974,No,0.3216
TBX3,-0.2371,-0.5493,0.3121,0.070958,0.556701,No,0.3121
YY1,-1.032,-0.7285,-0.3036,0.112366,0.59823,No,0.3036
GTF3A,-0.8888,-1.1803,0.2915,0.050631,0.510974,No,0.2915
MYBL2,-0.5991,-0.8768,0.2778,0.060154,0.510974,No,0.2778
SMARCA4,-0.7255,-0.4518,-0.2736,0.112366,0.59823,No,0.2736
BRD4,-0.881,-1.1531,0.2722,0.02364,0.510974,No,0.2722
ASCL1,-0.3775,-0.1061,-0.2713,0.169019,0.638893,No,0.2713
ATF5,-0.1314,0.1394,-0.2709,0.000151,0.113834,No,0.2709
CTCF,-1.7217,-1.4569,-0.2648,0.191718,0.652879,No,0.2648
DMAP1,-1.0763,-1.3385,0.2622,0.129418,0.607704,No,0.2622
KAT5,-0.6067,-0.8649,0.2582,0.02364,0.510974,No,0.2582
E2F6,0.2712,0.0198,0.2514,0.25,0.723487,No,0.2514
HDAC3,-0.7079,-0.9574,0.2495,0.243064,0.712235,No,0.2495
FOXO3,-0.5156,-0.2723,-0.2434,0.027329,0.510974,No,0.2434
SF1,-2.4162,-2.1748,-0.2415,0.302654,0.733354,No,0.2415
NFIC,0.0028,0.2361,-0.2333,0.000452,0.113834,No,0.2333
GATA2,-0.3521,-0.1195,-0.2326,0.042349,0.510974,No,0.2326
ENO1,-0.0897,-0.322,0.2323,0.191718,0.652879,No,0.2323
RCOR2,-0.4524,-0.2225,-0.2299,0.060154,0.510974,No,0.2299
CREBBP,0.1605,-0.0653,0.2258,0.08323,0.563916,No,0.2258
EGR2,-0.1368,-0.3615,0.2247,0.042349,0.510974,No,0.2247
YBX1,-1.6316,-1.4072,-0.2243,0.271786,0.723487,No,0.2243
MYT1,-0.1756,0.0457,-0.2212,0.08323,0.563916,No,0.2212
TFAP2B,-0.3511,-0.131,-0.2201,0.302654,0.733354,No,0.2201
BCOR,-0.232,-0.0128,-0.2192,0.191718,0.652879,No,0.2192
RB1,0.246,0.462,-0.216,0.035121,0.510974,No,0.216
BRCA1,-0.5093,-0.2939,-0.2154,0.050631,0.510974,No,0.2154
ZNF335,-0.6309,-0.8451,0.2142,0.050631,0.510974,No,0.2142
EZH2,-0.2617,-0.4751,0.2133,0.035121,0.510974,No,0.2133
HAND2,-0.4151,-0.6278,0.2127,0.487596,0.830232,No,0.2127
ZEB2,-0.3086,-0.5193,0.2107,0.02364,0.510974,No,0.2107
ARID3B,-0.1831,0.027,-0.21,0.060154,0.510974,No,0.21
DAXX,-0.3761,-0.5859,0.2098,0.3706,0.782609,No,0.2098
TBX2,-0.1915,-0.4011,0.2096,0.169019,0.638893,No,0.2096
MAZ,-0.0567,0.1518,-0.2085,0.035121,0.510974,No,0.2085
GTF2I,-0.1495,0.0585,-0.2081,0.028948,0.510974,No,0.2081
MEOX1,-0.1315,0.0758,-0.2073,0.009561,0.510974,No,0.2073
DNMT1,-0.7234,-0.9306,0.2072,0.042349,0.510974,No,0.2072
JUNB,-0.2085,-0.0056,-0.203,0.002259,0.341502,No,0.203
TADA2A,-0.4103,-0.6105,0.2002,0.08323,0.563916,No,0.2002
VEZF1,-0.3775,-0.5772,0.1997,0.070958,0.556701,No,0.1997
TSC22D1,0.0426,-0.1533,0.1959,0.009561,0.510974,No,0.1959
PIAS1,-0.3436,-0.1506,-0.193,0.042349,0.510974,No,0.193
TFDP1,-0.5852,-0.3935,-0.1917,0.09697,0.563916,No,0.1917
DOT1L,-0.1903,-0.381,0.1907,0.112366,0.59823,No,0.1907
HHEX,0.1135,0.2999,-0.1864,0.035121,0.510974,No,0.1864
ARID1B,-0.2702,-0.0842,-0.186,0.191718,0.652879,No,0.186
FOXF1,0.2536,0.0691,0.1845,0.060154,0.510974,No,0.1845
SMAD6,-0.1235,0.061,-0.1844,0.019161,0.510974,No,0.1844
MAFA,0.0809,-0.1014,0.1824,0.001092,0.206324,No,0.1824
STAT1,0.057,-0.1238,0.1809,0.015359,0.510974,No,0.1809
PAWR,0.0046,0.1845,-0.1799,0.028948,0.510974,No,0.1799
TLX2,-0.1106,0.069,-0.1796,0.148315,0.61608,No,0.1796
TFAP2D,-0.1707,0.0081,-0.1788,0.000452,0.113834,No,0.1788
IRF7,-0.0375,0.1407,-0.1782,0.02364,0.510974,No,0.1782
CEBPZ,-0.8845,-1.0603,0.1759,0.112366,0.59823,No,0.1759
THAP11,-0.3955,-0.5699,0.1744,0.112366,0.59823,No,0.1744
HMGA2,0.1058,-0.0685,0.1744,0.012196,0.510974,No,0.1744
PHOX2A,-0.6437,-0.4708,-0.1729,0.487596,0.830232,No,0.1729
NPAS4,-0.1438,0.0287,-0.1724,0.050631,0.510974,No,0.1724
TCF12,0.0134,-0.1583,0.1717,0.09697,0.563916,No,0.1717
HINFP,-1.4428,-1.61,0.1671,0.302654,0.733354,No,0.1671
PPARD,0.1212,0.288,-0.1668,0.668474,0.910569,No,0.1668
HLX,0.0313,-0.1341,0.1654,0.004254,0.401976,No,0.1654
TCF4,0.0422,-0.1196,0.1618,0.112366,0.59823,No,0.1618
TCF7L1,-0.1533,-0.314,0.1607,0.009561,0.510974,No,0.1607
TBX21,-0.1848,-0.0261,-0.1587,0.169019,0.638893,No,0.1587
ZNF236,-0.5053,-0.3479,-0.1574,0.042349,0.510974,No,0.1574
IKZF3,-0.0344,0.1204,-0.1548,0.035121,0.510974,No,0.1548
CEBPA,-0.2866,-0.1324,-0.1542,0.216337,0.673049,No,0.1542
AHR,-0.0029,-0.1572,0.1542,0.407604,0.810917,No,0.1542
NFE2L3,-0.5246,-0.371,-0.1537,0.335554,0.757251,No,0.1537
GFI1,-0.0775,0.0761,-0.1536,0.129418,0.607704,No,0.1536
FOXN4,-0.2679,-0.1149,-0.153,0.060154,0.510974,No,0.153
KLF15,0.0363,0.1891,-0.1528,0.129418,0.607704,No,0.1528
NFATC2,0.0203,0.1721,-0.1519,0.02364,0.510974,No,0.1519
NFIB,-0.0384,0.1121,-0.1504,0.129418,0.607704,No,0.1504
MTF1,-0.2514,-0.4016,0.1502,0.08323,0.563916,No,0.1502
NHLH2,-0.1342,-0.2834,0.1493,0.050631,0.510974,No,0.1493
HOXD13,-0.3704,-0.2222,-0.1482,0.216337,0.673049,No,0.1482
ZBTB4,0.0774,-0.0681,0.1455,0.042349,0.510974,No,0.1455
HEY2,0.0982,0.2428,-0.1447,0.042349,0.510974,No,0.1447
SREBF2,-0.0688,0.0756,-0.1444,0.129418,0.607704,No,0.1444
PHOX2B,-0.1007,0.0431,-0.1439,0.487596,0.830232,No,0.1439
ZFP42,0.0878,0.2297,-0.1419,0.112366,0.59823,No,0.1419
HOXD3,-0.0088,0.1323,-0.1411,0.005647,0.426877,No,0.1411
KAT6A,-0.275,-0.4159,0.1408,0.191718,0.652879,No,0.1408
SIX4,-0.0574,0.0815,-0.1389,0.02364,0.510974,No,0.1389
ZBTB7A,-0.1786,-0.3172,0.1386,0.271786,0.723487,No,0.1386
ASXL1,0.0716,-0.0668,0.1384,0.129418,0.607704,No,0.1384
TAF1,-0.8701,-0.7326,-0.1376,0.243064,0.712235,No,0.1376
KMT2B,-0.2784,-0.1422,-0.1362,0.050631,0.510974,No,0.1362
CTNNB1,-0.1137,-0.2498,0.1361,0.02364,0.510974,No,0.1361
SUPT20H,-0.3001,-0.1641,-0.136,0.487596,0.830232,No,0.136
MAFK,-0.0545,-0.1896,0.1351,0.112366,0.59823,No,0.1351
KDM5C,-0.2052,-0.3402,0.135,0.216337,0.673049,No,0.135
STAT5A,-0.3155,-0.181,-0.1345,0.129418,0.607704,No,0.1345
PAX2,-0.1694,-0.035,-0.1344,0.004254,0.401976,No,0.1344
ETV5,-0.0195,0.1145,-0.134,0.028948,0.510974,No,0.134
HOXB13,0.0267,-0.1073,0.1339,0.09697,0.563916,No,0.1339
SMAD4,-0.2194,-0.0876,-0.1319,0.148315,0.61608,No,0.1319
FEZF1,0.1085,-0.0232,0.1317,0.060154,0.510974,No,0.1317
KDM5D,0.5463,0.6778,-0.1315,0.071429,0.556701,No,0.1315
POU3F1,0.0139,0.145,-0.1311,0.060154,0.510974,No,0.1311
SP3,-0.0761,0.055,-0.1311,0.148315,0.61608,No,0.1311
VHL,-0.8434,-0.7131,-0.1302,0.407604,0.810917,No,0.1302
STAT2,-0.1267,0.0034,-0.1301,0.060154,0.510974,No,0.1301
ARID5B,-0.0299,-0.159,0.1292,0.009561,0.510974,No,0.1292
OLIG2,-0.0293,-0.1581,0.1288,0.09697,0.563916,No,0.1288
TP73,-0.0202,-0.1488,0.1287,0.005647,0.426877,No,0.1287
FEZF2,-0.1485,-0.0199,-0.1286,0.003124,0.393676,No,0.1286
THRA,0.0174,0.1445,-0.1271,0.050631,0.510974,No,0.1271
FOXN1,-0.1361,-0.2632,0.127,0.191718,0.652879,No,0.127
NFE2,-0.0752,0.0517,-0.1269,0.035121,0.510974,No,0.1269
HMGA1,-0.7494,-0.6234,-0.1261,0.530435,0.858691,No,0.1261
GLI1,-0.1154,-0.2414,0.1259,0.035121,0.510974,No,0.1259
DDIT3,-0.0891,0.0365,-0.1257,0.019161,0.510974,No,0.1257
HOXB2,0.0703,-0.0543,0.1246,0.08323,0.563916,No,0.1246
ZNF24,-0.0762,0.0485,-0.1246,0.050631,0.510974,No,0.1246
CTBP2,-0.4056,-0.2814,-0.1242,0.148315,0.61608,No,0.1242
NEUROG1,0.0175,0.1417,-0.1241,0.035121,0.510974,No,0.1241
LHX8,0.0205,0.1432,-0.1226,0.243064,0.712235,No,0.1226
SFPQ,-1.3618,-1.2396,-0.1222,0.148315,0.61608,No,0.1222
TBX20,-0.0101,0.1122,-0.1222,0.487596,0.830232,No,0.1222
TFAP2A,0.0918,-0.0303,0.1222,0.042349,0.510974,No,0.1222
MNT,0.0465,0.1685,-0.1219,0.148315,0.61608,No,0.1219
E4F1,-0.4681,-0.5891,0.121,0.243064,0.712235,No,0.121
PDX1,-0.0273,0.0936,-0.1209,0.407604,0.810917,No,0.1209
ZNF217,-0.3606,-0.4806,0.12,0.243064,0.712235,No,0.12
NFX1,-0.0204,0.0993,-0.1196,0.060154,0.510974,No,0.1196
HOXA13,-0.1636,-0.2828,0.1192,0.169019,0.638893,No,0.1192
NCOA2,0.0279,-0.0905,0.1184,0.169019,0.638893,No,0.1184
ETV7,-0.0803,0.0371,-0.1173,0.015359,0.510974,No,0.1173
SOX4,-0.1212,-0.2384,0.1172,0.216337,0.673049,No,0.1172
KMT2A,-0.0239,-0.1393,0.1154,0.191718,0.652879,No,0.1154
TOX3,-0.0179,0.0974,-0.1153,0.08323,0.563916,No,0.1153
ZNF263,0.0428,0.1577,-0.115,0.169019,0.638893,No,0.115
ATF4,-0.5719,-0.457,-0.1149,0.487596,0.830232,No,0.1149
TCF3,-0.0598,-0.1747,0.1149,0.09697,0.563916,No,0.1149
ZIC2,-0.1211,-0.0062,-0.1148,0.530435,0.858691,No,0.1148
FOXP3,0.0472,0.1617,-0.1145,0.129418,0.607704,No,0.1145
NR2F1,0.0182,-0.0962,0.1144,0.042349,0.510974,No,0.1144
TBX15,-0.0923,0.0219,-0.1142,0.169019,0.638893,No,0.1142
ZFPM1,-0.3419,-0.2278,-0.1141,0.335554,0.757251,No,0.1141
IRF6,-0.1767,-0.0636,-0.1131,0.335554,0.757251,No,0.1131
ID2,-0.1523,-0.0393,-0.113,0.302654,0.733354,No,0.113
ELF2,-0.169,-0.2819,0.1129,0.446678,0.830232,No,0.1129
RORB,0.0115,0.1238,-0.1123,0.042349,0.510974,No,0.1123
SALL1,-0.0914,0.0207,-0.1121,0.050631,0.510974,No,0.1121
REST,-0.1827,-0.2942,0.1115,0.169019,0.638893,No,0.1115
SMAD9,-0.0601,0.0503,-0.1104,0.487596,0.830232,No,0.1104
RUNX2,-0.321,-0.2107,-0.1103,0.302654,0.733354,No,0.1103
NKX2.1,0.3603,0.2501,0.1102,0.243064,0.712235,No,0.1102
MSC,-0.0971,0.013,-0.1101,0.09697,0.563916,No,0.1101
PAX1,0.04,-0.0697,0.1097,0.129418,0.607704,No,0.1097
NR4A2,-0.0967,0.0123,-0.1089,0.08323,0.563916,No,0.1089
NEUROG3,-0.1588,-0.051,-0.1078,0.169019,0.638893,No,0.1078
SIM2,0.012,0.1195,-0.1075,0.302654,0.733354,No,0.1075
NRF1,-1.1765,-1.0691,-0.1074,0.335554,0.757251,No,0.1074
ZNF384,-0.0762,0.0308,-0.107,0.148315,0.61608,No,0.107
RBPJ,-0.1241,-0.2307,0.1066,0.09697,0.563916,No,0.1066
PAX7,0.0052,0.111,-0.1058,0.129418,0.607704,No,0.1058
EGR3,0.2368,0.3425,-0.1056,0.050631,0.510974,No,0.1056
MEIS1,-0.2198,-0.1158,-0.104,0.446678,0.830232,No,0.104
SIRT1,-0.0526,-0.1553,0.1027,0.09697,0.563916,No,0.1027
TTF1,-0.632,-0.7343,0.1023,0.129418,0.607704,No,0.1023
ELF3,-0.0398,0.0622,-0.102,0.035121,0.510974,No,0.102
NR2F2,0.1211,0.019,0.102,0.148315,0.61608,No,0.102
ARID3A,-0.102,-0.0001,-0.1019,0.3706,0.782609,No,0.1019
ZGLP1,0.0236,-0.0779,0.1015,0.035121,0.510974,No,0.1015
KLF2,-0.0417,-0.1432,0.1015,0.042349,0.510974,No,0.1015
SALL4,-0.14,-0.0387,-0.1013,0.302654,0.733354,No,0.1013
KDM5A,-0.3554,-0.2543,-0.1012,0.129418,0.607704,No,0.1012
TEAD1,-0.1676,-0.2686,0.101,0.407604,0.810917,No,0.101
CREBZF,-0.0137,0.0868,-0.1006,0.070958,0.556701,No,0.1006
NFE2L1,-0.1526,-0.253,0.1004,0.216337,0.673049,No,0.1004
NR6A1,-0.0043,-0.1042,0.0999,0.302654,0.733354,No,0.0999
BMAL2,-0.0495,-0.1494,0.0998,0.271786,0.723487,No,0.0998
NACC1,0.0112,-0.0883,0.0995,0.148315,0.61608,No,0.0995
IRF2,0.0079,0.1072,-0.0992,0.243064,0.712235,No,0.0992
TEF,-0.1757,-0.0764,-0.0992,0.191718,0.652879,No,0.0992
NR1D2,-0.152,-0.2511,0.0991,0.042349,0.510974,No,0.0991
FOXP1,-0.0133,0.0853,-0.0986,0.191718,0.652879,No,0.0986
MBD2,-0.046,-0.1444,0.0985,0.446678,0.830232,No,0.0985
TLX3,-0.1424,-0.0441,-0.0983,0.446678,0.830232,No,0.0983
ZNF395,-0.0265,-0.1246,0.0981,0.070958,0.556701,No,0.0981
FOXC2,-0.1389,-0.0411,-0.0978,0.060154,0.510974,No,0.0978
HES5,-0.1084,-0.0106,-0.0978,0.271786,0.723487,No,0.0978
NPM1,-0.8476,-0.9451,0.0975,0.785714,0.935514,No,0.0975
TFEB,0.0923,0.1898,-0.0975,0.02364,0.510974,No,0.0975
NCOR2,-0.1266,-0.224,0.0973,0.09697,0.563916,No,0.0973
NFYA,-0.1986,-0.2953,0.0967,0.302654,0.733354,No,0.0967
JARID2,-0.1578,-0.0619,-0.0959,0.09697,0.563916,No,0.0959
ZXDC,-0.0316,-0.1273,0.0957,0.028948,0.510974,No,0.0957
UTF1,-0.0492,0.0464,-0.0956,0.530435,0.858691,No,0.0956
AHRR,-0.1055,-0.0101,-0.0954,0.08323,0.563916,No,0.0954
FOXP2,0.0544,-0.041,0.0954,0.070958,0.556701,No,0.0954
HOXD10,-0.1622,-0.2575,0.0953,0.271786,0.723487,No,0.0953
POU2F1,-0.4008,-0.3056,-0.0952,0.621005,0.901113,No,0.0952
WWTR1,-0.209,-0.3041,0.0951,0.446678,0.830232,No,0.0951
USF2,-0.2236,-0.1284,-0.0951,0.3706,0.782609,No,0.0951
BATF,0.0847,-0.0091,0.0938,0.050631,0.510974,No,0.0938
HES6,-0.161,-0.0674,-0.0937,0.335554,0.757251,No,0.0937
NR4A3,-0.0214,-0.1151,0.0937,0.216337,0.673049,No,0.0937
AR,0.1058,0.1993,-0.0935,0.129418,0.607704,No,0.0935
VSX2,-0.0504,0.0429,-0.0933,0.060154,0.510974,No,0.0933
HOXD4,-0.0454,-0.1378,0.0924,0.050631,0.510974,No,0.0924
SOX9,-0.3002,-0.2081,-0.0921,0.407604,0.810917,No,0.0921
TCF21,0.0277,-0.0642,0.0918,0.042349,0.510974,No,0.0918
PATZ1,-0.2905,-0.1991,-0.0915,0.3706,0.782609,No,0.0915
TBX1,-0.2038,-0.1125,-0.0913,0.191718,0.652879,No,0.0913
SIX3,-0.0066,0.0845,-0.0911,0.060154,0.510974,No,0.0911
TEAD2,-0.0682,-0.1594,0.0911,0.407604,0.810917,No,0.0911
DNMT3B,-0.0298,0.0611,-0.091,0.216337,0.673049,No,0.091
MYB,-0.1344,-0.2252,0.0908,0.216337,0.673049,No,0.0908
HNF4A,0.1271,0.0366,0.0905,0.08323,0.563916,No,0.0905
CLOCK,0.0135,-0.0768,0.0903,0.02364,0.510974,No,0.0903
SMAD7,-0.0063,-0.0963,0.09,0.271786,0.723487,No,0.09
PBX2,-0.2948,-0.3847,0.0899,0.191718,0.652879,No,0.0899
ZNF91,-0.3431,-0.2537,-0.0894,0.271786,0.723487,No,0.0894
TBX6,-0.0869,0.0021,-0.0891,0.191718,0.652879,No,0.0891
SPDEF,0.067,-0.0218,0.0888,0.487596,0.830232,No,0.0888
RORA,0.0589,0.1477,-0.0887,0.148315,0.61608,No,0.0887
TBPL1,0.1552,0.0665,0.0887,0.09697,0.563916,No,0.0887
ZNF143,-0.4464,-0.3578,-0.0886,0.3706,0.782609,No,0.0886
MTF2,-0.1043,-0.0163,-0.0879,0.302654,0.733354,No,0.0879
EGR1,-0.1574,-0.0696,-0.0878,0.3706,0.782609,No,0.0878
EBF1,-0.2338,-0.146,-0.0878,0.668474,0.910569,No,0.0878
RELB,-0.0464,0.0414,-0.0878,0.09697,0.563916,No,0.0878
ZNF362,0.1009,0.0136,0.0873,0.243064,0.712235,No,0.0873
ZGPAT,-0.1565,-0.0692,-0.0873,0.060154,0.510974,No,0.0873
SMARCC1,-0.3278,-0.2408,-0.0871,0.487596,0.830232,No,0.0871
HOXA2,0.0581,-0.0289,0.087,0.112366,0.59823,No,0.087
MYF5,-0.0976,-0.0106,-0.0869,0.271786,0.723487,No,0.0869
KDM2A,-0.5298,-0.443,-0.0868,0.717297,0.920673,No,0.0868
ZBTB32,-0.0296,-0.1161,0.0865,0.02364,0.510974,No,0.0865
ZBTB18,-0.1082,-0.1947,0.0865,0.621005,0.901113,No,0.0865
AEBP1,0.0284,0.1147,-0.0862,0.302654,0.733354,No,0.0862
ATF7,-0.1915,-0.1056,-0.0858,0.09697,0.563916,No,0.0858
BCL11B,0.1791,0.2645,-0.0853,0.148315,0.61608,No,0.0853
TFE3,0.0396,-0.0451,0.0847,0.148315,0.61608,No,0.0847
JUND,-0.1481,-0.2325,0.0844,0.216337,0.673049,No,0.0844
MSX1,0.0168,0.1007,-0.0839,0.09697,0.563916,No,0.0839
NFKBIZ,0.0262,-0.0577,0.0839,0.129418,0.607704,No,0.0839
ATF3,-0.0056,0.0778,-0.0834,0.09697,0.563916,No,0.0834
CREB3L3,-0.0295,0.0538,-0.0833,0.302654,0.733354,No,0.0833
AIP,-0.1252,-0.042,-0.0832,0.271786,0.723487,No,0.0832
SRY,0.322,0.405,-0.083,0.25,0.723487,No,0.083
ZNF350,0.0204,0.1031,-0.0827,0.302654,0.733354,No,0.0827
SALL3,-0.0416,-0.1241,0.0825,0.302654,0.733354,No,0.0825
DLX4,-0.0317,-0.114,0.0823,0.3706,0.782609,No,0.0823
LRRFIP1,-0.085,-0.1666,0.0816,0.668474,0.910569,No,0.0816
POU4F1,0.0752,-0.0064,0.0815,0.169019,0.638893,No,0.0815
PRDM1,-0.095,-0.0135,-0.0815,0.216337,0.673049,No,0.0815
TRPS1,0.1706,0.0891,0.0815,0.216337,0.673049,No,0.0815
GLIS3,0.1819,0.101,0.0809,0.191718,0.652879,No,0.0809
GLI3,0.1477,0.0672,0.0805,0.129418,0.607704,No,0.0805
MLXIPL,-0.0566,-0.1369,0.0803,0.446678,0.830232,No,0.0803
PROX1,-0.0973,-0.1776,0.0803,0.668474,0.910569,No,0.0803
HOXB4,-0.0423,0.0379,-0.0802,0.335554,0.757251,No,0.0802
UBTF,-1.7207,-1.8007,0.08,0.129418,0.607704,No,0.08
FOSL2,-0.18,-0.1002,-0.0797,0.446678,0.830232,No,0.0797
CIITA,0.0332,0.1128,-0.0797,0.148315,0.61608,No,0.0797
LHX3,-0.0034,0.0761,-0.0795,0.169019,0.638893,No,0.0795
PEG3,0.0667,0.1461,-0.0794,0.112366,0.59823,No,0.0794
NKX6.2,-0.0464,0.033,-0.0794,0.148315,0.61608,No,0.0794
ATF6,-0.1304,-0.0513,-0.0791,0.060154,0.510974,No,0.0791
HEY1,-0.0064,0.0726,-0.079,0.243064,0.712235,No,0.079
SETBP1,0.0336,-0.0452,0.0788,0.08323,0.563916,No,0.0788
NR1I2,0.0415,0.1201,-0.0786,0.668474,0.910569,No,0.0786
ATF2,0.0703,-0.008,0.0783,0.3706,0.782609,No,0.0783
MEF2D,-0.0737,0.0045,-0.0782,0.216337,0.673049,No,0.0782
FOXD3,-0.1682,-0.09,-0.0782,0.271786,0.723487,No,0.0782
SOX5,-0.1074,-0.0293,-0.0781,0.335554,0.757251,No,0.0781
AIRE,0.1821,0.2599,-0.0778,0.191718,0.652879,No,0.0778
NKX6.1,0.0071,-0.0704,0.0775,0.129418,0.607704,No,0.0775
HDGF,-0.0608,-0.1383,0.0775,0.169019,0.638893,No,0.0775
ZNF202,-0.0425,0.0341,-0.0766,0.717297,0.920673,No,0.0766
NKX2.2,-0.0226,-0.0993,0.0766,0.243064,0.712235,No,0.0766
TBXT,0.0606,0.1371,-0.0765,0.302654,0.733354,No,0.0765
ID1,-0.0187,0.0578,-0.0765,0.302654,0.733354,No,0.0765
LHX2,0.1338,0.2102,-0.0764,0.446678,0.830232,No,0.0764
SMARCA5,-0.4067,-0.4831,0.0763,0.530435,0.858691,No,0.0763
ETS2,0.1524,0.2287,-0.0763,0.3706,0.782609,No,0.0763
HOPX,-0.0756,-0.1517,0.076,0.08323,0.563916,No,0.076
E2F2,0.0819,0.1577,-0.0758,0.148315,0.61608,No,0.0758
HOXB1,-0.0059,-0.0815,0.0756,0.09697,0.563916,No,0.0756
SNAI2,-0.0755,-0.1508,0.0754,0.530435,0.858691,No,0.0754
PRDM16,-0.1402,-0.2156,0.0754,0.216337,0.673049,No,0.0754
HIVEP1,-0.0207,-0.0958,0.0751,0.112366,0.59823,No,0.0751
KLF1,-0.1472,-0.0723,-0.075,0.243064,0.712235,No,0.075
NR2C2,-0.0907,-0.0158,-0.0749,0.271786,0.723487,No,0.0749
TBR1,-0.0139,-0.0886,0.0748,0.3706,0.782609,No,0.0748
TGFB1I1,0.0349,-0.0398,0.0748,0.302654,0.733354,No,0.0748
CXXC1,-0.2493,-0.3235,0.0742,0.446678,0.830232,No,0.0742
IRX4,-0.0521,-0.1261,0.074,0.271786,0.723487,No,0.074
PPARGC1B,-0.1484,-0.2222,0.0738,0.767137,0.922028,No,0.0738
ZNF436,-0.0466,0.0268,-0.0734,0.621005,0.901113,No,0.0734
MYBL1,0.0114,-0.0619,0.0732,0.060154,0.510974,No,0.0732
KLF3,0.0071,0.08,-0.073,0.668474,0.910569,No,0.073
HOXD8,-0.1454,-0.073,-0.0724,0.271786,0.723487,No,0.0724
NEUROD2,0.0015,-0.0708,0.0724,0.191718,0.652879,No,0.0724
EGR4,-0.0973,-0.1697,0.0724,0.621005,0.901113,No,0.0724
ATOH1,-0.0886,-0.0162,-0.0723,0.060154,0.510974,No,0.0723
SON,-0.8424,-0.7702,-0.0722,0.3706,0.782609,No,0.0722
GTF2IRD1,-0.0847,-0.0127,-0.072,0.216337,0.673049,No,0.072
SOX17,0.053,-0.0186,0.0716,0.302654,0.733354,No,0.0716
PAX6,0.0556,0.1272,-0.0716,0.09697,0.563916,No,0.0716
HOXB3,-0.0378,0.0336,-0.0714,0.530435,0.858691,No,0.0714
FOXG1,-0.0443,-0.1153,0.071,0.191718,0.652879,No,0.071
MYRF,-0.2115,-0.2816,0.0702,0.129418,0.607704,No,0.0702
YAP1,-0.1441,-0.2143,0.0702,0.574892,0.88879,No,0.0702
MTA1,-0.0179,-0.0881,0.0702,0.169019,0.638893,No,0.0702
PIN1,-0.0071,0.0629,-0.07,0.3706,0.782609,No,0.07
ETV2,-0.0482,0.0218,-0.0699,0.335554,0.757251,No,0.0699
RFX1,0.0027,-0.067,0.0697,0.271786,0.723487,No,0.0697
ATOH7,-0.0142,-0.0835,0.0693,0.3706,0.782609,No,0.0693
E2F3,-0.2004,-0.269,0.0687,0.621005,0.901113,No,0.0687
SOX18,0.0413,0.1098,-0.0685,0.09697,0.563916,No,0.0685
HOXA4,0.1535,0.0851,0.0684,0.148315,0.61608,No,0.0684
CTBP1,0.0067,0.075,-0.0683,0.446678,0.830232,No,0.0683
ZIC1,0.0918,0.0236,0.0682,0.869415,0.953959,No,0.0682
LHX1,-0.2018,-0.1343,-0.0676,0.335554,0.757251,No,0.0676
ARID1A,-0.2447,-0.1776,-0.0671,0.767137,0.922028,No,0.0671
SCX,0.1044,0.0374,0.0669,0.188368,0.652879,No,0.0669
PHF5A,-2.3788,-2.3121,-0.0667,0.921476,0.97568,No,0.0667
BACH2,-0.0208,0.0458,-0.0666,0.148315,0.61608,No,0.0666
BHLHA15,-0.1949,-0.1285,-0.0665,0.191718,0.652879,No,0.0665
VDR,-0.0863,-0.0209,-0.0654,0.717297,0.920673,No,0.0654
PA2G4,-0.6673,-0.7323,0.0651,0.487596,0.830232,No,0.0651
BCL6,0.0093,-0.0558,0.065,0.921476,0.97568,No,0.065
KLF10,-0.0894,-0.0243,-0.065,0.3706,0.782609,No,0.065
PAX9,-0.0269,0.0378,-0.0648,0.302654,0.733354,No,0.0648
TRERF1,-0.0929,-0.0281,-0.0648,0.243064,0.712235,No,0.0648
PLAGL1,0.0271,0.0917,-0.0646,0.271786,0.723487,No,0.0646
NR2F6,-0.1234,-0.1879,0.0645,0.335554,0.757251,No,0.0645
NKX2.5,0.1051,0.1696,-0.0645,0.446678,0.830232,No,0.0645
STAT5B,-0.2301,-0.1657,-0.0644,0.668474,0.910569,No,0.0644
FOXQ1,0.0353,-0.0291,0.0643,0.169019,0.638893,No,0.0643
POU2AF1,-0.0776,-0.1416,0.064,0.487596,0.830232,No,0.064
ING4,0.1192,0.0559,0.0633,0.148315,0.61608,No,0.0633
ZNF382,-0.1299,-0.1931,0.0632,0.271786,0.723487,No,0.0632
ELF5,0.0727,0.1351,-0.0624,0.129418,0.607704,No,0.0624
RXRG,0.2422,0.3047,-0.0624,0.487596,0.830232,No,0.0624
SP6,-0.0869,-0.0246,-0.0623,0.621005,0.901113,No,0.0623
MKX,0.1487,0.0865,0.0622,0.487596,0.830232,No,0.0622
NR0B2,-0.1008,-0.1628,0.062,0.3706,0.782609,No,0.062
DMRT1,0.151,0.0893,0.0618,0.668474,0.910569,No,0.0618
ARID4B,-0.125,-0.1864,0.0614,0.487596,0.830232,No,0.0614
HDAC7,-0.0371,-0.098,0.0609,0.487596,0.830232,No,0.0609
BACH1,0.1112,0.0504,0.0608,0.070958,0.556701,No,0.0608
MEIS2,-0.1147,-0.054,-0.0607,0.767137,0.922028,No,0.0607
RREB1,0.0599,0.1205,-0.0606,0.302654,0.733354,No,0.0606
ELF4,0.0034,0.0637,-0.0603,0.271786,0.723487,No,0.0603
RUNX1,0.0049,-0.0553,0.0602,0.446678,0.830232,No,0.0602
FOXH1,-0.0446,0.0156,-0.0602,0.407604,0.810917,No,0.0602
GFI1B,-0.0304,-0.0905,0.06,0.621005,0.901113,No,0.06
HOXB5,-0.1597,-0.0998,-0.0598,0.191718,0.652879,No,0.0598
EBF3,-0.1725,-0.1131,-0.0594,0.335554,0.757251,No,0.0594
NR2E1,0.0667,0.1256,-0.0589,0.717297,0.920673,No,0.0589
TET1,-0.0941,-0.1527,0.0586,0.070958,0.556701,No,0.0586
SIN3A,-1.1931,-1.2515,0.0584,0.921476,0.97568,No,0.0584
KLF17,-0.1981,-0.1398,-0.0583,0.407604,0.810917,No,0.0583
NEUROG2,0.1467,0.2047,-0.058,0.335554,0.757251,No,0.058
STAT6,-0.1559,-0.0981,-0.0578,0.271786,0.723487,No,0.0578
SREBF1,-0.1421,-0.0845,-0.0575,0.335554,0.757251,No,0.0575
MECOM,0.0875,0.03,0.0574,0.148315,0.61608,No,0.0574
NR0B1,0.0216,0.079,-0.0574,0.3706,0.782609,No,0.0574
PITX1,-0.1735,-0.2307,0.0572,0.407604,0.810917,No,0.0572
HNF1A,-0.0618,-0.0048,-0.057,0.487596,0.830232,No,0.057
MTA3,-0.0455,0.0112,-0.0567,0.335554,0.757251,No,0.0567
NFE2L2,-0.17,-0.2266,0.0566,0.817956,0.935514,No,0.0566
HOXB6,-0.0714,-0.1276,0.0562,0.530435,0.858691,No,0.0562
EHF,-0.0493,0.0064,-0.0557,0.09697,0.563916,No,0.0557
ZNF804A,0.0206,0.076,-0.0554,0.302654,0.733354,No,0.0554
TEAD4,-0.1395,-0.0842,-0.0553,0.216337,0.673049,No,0.0553
SSRP1,-1.3719,-1.4272,0.0552,0.407604,0.810917,No,0.0552
TBX5,0.0418,-0.0132,0.055,0.335554,0.757251,No,0.055
GATA4,0.0102,-0.0447,0.0549,0.08323,0.563916,No,0.0549
INSM1,0.0641,0.1186,-0.0545,0.487596,0.830232,No,0.0545
OLIG1,-0.003,0.0514,-0.0543,0.817956,0.935514,No,0.0543
FIGLA,-0.1485,-0.0943,-0.0542,0.717297,0.920673,No,0.0542
RXRA,-0.0082,-0.0624,0.0542,0.271786,0.723487,No,0.0542
ZNF148,-0.1323,-0.0782,-0.0541,0.973762,0.989468,No,0.0541
NSD2,-0.1223,-0.1763,0.054,0.621005,0.901113,No,0.054
SOX3,-0.0171,0.037,-0.054,0.767137,0.922028,No,0.054
GBX2,-0.147,-0.0933,-0.0536,0.243064,0.712235,No,0.0536
HIF1A,0.1185,0.1717,-0.0533,0.869415,0.953959,No,0.0533
MNX1,0.0679,0.0145,0.0533,0.243064,0.712235,No,0.0533
KAT7,-0.3317,-0.2787,-0.053,0.668474,0.910569,No,0.053
HCFC1,-1.6807,-1.6281,-0.0526,0.487596,0.830232,No,0.0526
NFATC4,-0.0398,0.0127,-0.0525,0.621005,0.901113,No,0.0525
CDX1,0.1008,0.1532,-0.0524,0.243064,0.712235,No,0.0524
HTATIP2,0.2121,0.2644,-0.0523,0.446678,0.830232,No,0.0523
CTCFL,0.0816,0.0293,0.0523,0.09697,0.563916,No,0.0523
HESX1,-0.0647,-0.1164,0.0517,0.668474,0.910569,No,0.0517
SMARCB1,-0.9623,-0.9109,-0.0514,0.973762,0.989468,No,0.0514
TCF7L2,0.1549,0.104,0.0509,0.767137,0.922028,No,0.0509
BHLHE41,-0.0591,-0.0083,-0.0508,0.717297,0.920673,No,0.0508
PTF1A,-0.0967,-0.1474,0.0507,0.446678,0.830232,No,0.0507
NFYC,-0.7971,-0.8478,0.0507,0.767137,0.922028,No,0.0507
SIX1,-0.2346,-0.184,-0.0507,0.574892,0.88879,No,0.0507
NEUROD6,0.0679,0.0174,0.0505,0.302654,0.733354,No,0.0505
PML,-0.1176,-0.0672,-0.0504,0.530435,0.858691,No,0.0504
NR1I3,0.0073,-0.0428,0.0501,0.487596,0.830232,No,0.0501
HNF4G,0.0113,0.0612,-0.0499,0.487596,0.830232,No,0.0499
PPARG,0.0558,0.0059,0.0498,0.487596,0.830232,No,0.0498
ONECUT1,0.164,0.1143,0.0497,0.302654,0.733354,No,0.0497
RORC,-0.1253,-0.0758,-0.0495,0.216337,0.673049,No,0.0495
FOXM1,-0.2599,-0.2105,-0.0494,0.621005,0.901113,No,0.0494
NOTCH1,-0.0495,-0.0003,-0.0492,0.302654,0.733354,No,0.0492
DEAF1,-0.0264,-0.0754,0.049,0.869415,0.953959,No,0.049
ZNF300,0.1901,0.2389,-0.0488,0.271786,0.723487,No,0.0488
HDAC1,-0.0366,-0.0852,0.0486,0.921476,0.97568,No,0.0486
RFX5,-0.2421,-0.2906,0.0486,0.574892,0.88879,No,0.0486
ZNF331,0.1963,0.1481,0.0482,0.148315,0.61608,No,0.0482
XBP1,0.0326,0.0803,-0.0478,0.407604,0.810917,No,0.0478
HOXB7,-0.1421,-0.0943,-0.0478,0.621005,0.901113,No,0.0478
STOX1,-0.1594,-0.1116,-0.0478,0.869415,0.953959,No,0.0478
RELA,-0.3471,-0.2994,-0.0477,0.487596,0.830232,No,0.0477
MSX2,0.0814,0.0337,0.0477,0.271786,0.723487,No,0.0477
PHF20,-0.245,-0.2926,0.0477,0.817956,0.935514,No,0.0477
TCF20,0.0243,0.0711,-0.0468,0.530435,0.858691,No,0.0468
LMX1A,0.0663,0.113,-0.0467,0.335554,0.757251,No,0.0467
EMX2,-0.1177,-0.1644,0.0467,0.446678,0.830232,No,0.0467
CREM,0.1397,0.1864,-0.0467,0.271786,0.723487,No,0.0467
NFATC3,-0.0972,-0.1439,0.0467,0.487596,0.830232,No,0.0467
MAF,-0.0405,0.0062,-0.0466,0.446678,0.830232,No,0.0466
ID3,-0.0058,-0.0524,0.0466,0.407604,0.810917,No,0.0466
MXI1,0.1012,0.1477,-0.0465,0.3706,0.782609,No,0.0465
SP2,-0.1173,-0.0707,-0.0465,0.668474,0.910569,No,0.0465
SPIC,-0.0997,-0.1457,0.0461,0.530435,0.858691,No,0.0461
GLI2,0.0148,-0.0313,0.0461,0.216337,0.673049,No,0.0461
TFDP2,-0.0654,-0.0194,-0.046,0.668474,0.910569,No,0.046
FOXE1,0.0074,0.0534,-0.046,0.530435,0.858691,No,0.046
ZNF410,0.0114,-0.0346,0.0459,0.574892,0.88879,No,0.0459
TGIF1,-0.0401,0.0058,-0.0458,0.169019,0.638893,No,0.0458
IRF4,-0.129,-0.0832,-0.0458,0.335554,0.757251,No,0.0458
NFKB2,-0.0451,0.0007,-0.0458,0.921476,0.97568,No,0.0458
TP63,-0.0003,0.0454,-0.0458,0.446678,0.830232,No,0.0458
RARB,-0.0589,-0.0134,-0.0455,0.407604,0.810917,No,0.0455
DLX5,-0.1309,-0.0856,-0.0452,0.717297,0.920673,No,0.0452
SMAD3,-0.0299,-0.0752,0.0452,0.446678,0.830232,No,0.0452
POU2F2,0.1292,0.084,0.0452,0.3706,0.782609,No,0.0452
SHOX2,0.0482,0.093,-0.0449,0.921476,0.97568,No,0.0449
POU2F3,0.0177,-0.0269,0.0446,0.574892,0.88879,No,0.0446
GATA1,0.0325,-0.012,0.0445,0.3706,0.782609,No,0.0445
ZEB1,-0.2011,-0.2455,0.0444,0.921476,0.97568,No,0.0444
ATF1,-0.1114,-0.0671,-0.0443,0.302654,0.733354,No,0.0443
NR5A1,-0.0997,-0.0555,-0.0442,0.717297,0.920673,No,0.0442
CEBPG,-0.0477,-0.0038,-0.044,0.621005,0.901113,No,0.044
TFDP3,0.0197,0.0636,-0.0439,0.3706,0.782609,No,0.0439
ESRRG,-0.0639,-0.0201,-0.0439,0.487596,0.830232,No,0.0439
TAL1,-0.0178,-0.0614,0.0436,0.216337,0.673049,No,0.0436
NFKBIB,-0.0786,-0.0357,-0.0429,0.767137,0.922028,No,0.0429
EOMES,0.0218,-0.0212,0.0429,0.407604,0.810917,No,0.0429
NFYB,-0.639,-0.5962,-0.0428,0.817956,0.935514,No,0.0428
RARG,0.019,-0.0237,0.0427,0.216337,0.673049,No,0.0427
LMO2,0.1124,0.0699,0.0425,0.302654,0.733354,No,0.0425
TWIST2,-0.0023,0.0401,-0.0424,0.530435,0.858691,No,0.0424
TFCP2,0.0434,0.0011,0.0423,0.302654,0.733354,No,0.0423
SATB1,-0.1852,-0.143,-0.0423,0.973762,0.989468,No,0.0423
ELK1,-0.1454,-0.1875,0.0421,0.216337,0.673049,No,0.0421
NCOA1,-0.1812,-0.223,0.0419,0.169019,0.638893,No,0.0419
BMAL1,-0.1436,-0.1019,-0.0416,0.446678,0.830232,No,0.0416
HOXC6,-0.1523,-0.1936,0.0413,0.621005,0.901113,No,0.0413
FHL2,-0.074,-0.0329,-0.0411,0.446678,0.830232,No,0.0411
DLX3,-0.1882,-0.1472,-0.0409,0.407604,0.810917,No,0.0409
ZHX2,0.0595,0.1003,-0.0408,0.621005,0.901113,No,0.0408
LMX1B,0.0119,-0.0288,0.0408,0.191718,0.652879,No,0.0408
PBRM1,-0.1703,-0.1296,-0.0407,0.668474,0.910569,No,0.0407
FOS,-0.0402,-0.0809,0.0407,0.487596,0.830232,No,0.0407
TBX18,-0.0941,-0.1347,0.0406,0.921476,0.97568,No,0.0406
KLF6,0.0779,0.0374,0.0405,0.530435,0.858691,No,0.0405
DLX1,-0.05,-0.0902,0.0401,0.487596,0.830232,No,0.0401
PAX8,-0.0795,-0.1196,0.0401,0.335554,0.757251,No,0.0401
PLAG1,-0.037,-0.0771,0.04,0.717297,0.920673,No,0.04
FLI1,-0.0166,0.0232,-0.0398,0.767137,0.922028,No,0.0398
PGR,0.0752,0.0354,0.0398,0.302654,0.733354,No,0.0398
HES1,-0.0479,-0.0877,0.0397,0.817956,0.935514,No,0.0397
TLX1,0.1103,0.0706,0.0397,0.446678,0.830232,No,0.0397
LITAF,0.0494,0.089,-0.0396,0.148315,0.61608,No,0.0396
CEBPD,-0.1628,-0.1233,-0.0395,0.668474,0.910569,No,0.0395
FOXJ1,-0.0887,-0.1281,0.0394,0.717297,0.920673,No,0.0394
THRB,-0.0037,0.0357,-0.0394,0.869415,0.953959,No,0.0394
TBP,-0.9264,-0.9657,0.0394,0.767137,0.922028,No,0.0394
PRRX1,-0.0621,-0.1011,0.039,0.487596,0.830232,No,0.039
TCF7,-0.2995,-0.2605,-0.039,0.3706,0.782609,No,0.039
CRX,-0.1386,-0.1,-0.0386,0.446678,0.830232,No,0.0386
HMGB2,0.1553,0.1939,-0.0386,0.407604,0.810917,No,0.0386
ELF1,-0.083,-0.1215,0.0385,0.487596,0.830232,No,0.0385
MZF1,-0.235,-0.2733,0.0384,0.530435,0.858691,No,0.0384
IRF8,0.061,0.0228,0.0382,0.407604,0.810917,No,0.0382
HDAC5,-0.2292,-0.191,-0.0382,0.574892,0.88879,No,0.0382
PRDM2,0.0991,0.1372,-0.0381,0.407604,0.810917,No,0.0381
NONO,-0.2919,-0.3298,0.0379,0.621005,0.901113,No,0.0379
OVOL1,-0.0682,-0.106,0.0378,0.169019,0.638893,No,0.0378
TOX,-0.0218,-0.0595,0.0377,0.574892,0.88879,No,0.0377
NFATC1,0.0006,-0.0369,0.0375,0.3706,0.782609,No,0.0375
KDM5B,-0.155,-0.1175,-0.0375,0.446678,0.830232,No,0.0375
RXRB,0.0687,0.1059,-0.0372,0.621005,0.901113,No,0.0372
BCL3,0.0919,0.0547,0.0372,0.487596,0.830232,No,0.0372
KLF11,-0.056,-0.019,-0.037,0.717297,0.920673,No,0.037
ETV3,-0.0352,0.0017,-0.0369,1.0,1.0,No,0.0369
FOSB,-0.0793,-0.1161,0.0368,0.668474,0.910569,No,0.0368
FOXA1,-0.0469,-0.0103,-0.0366,0.767137,0.922028,No,0.0366
EN1,0.0282,0.0647,-0.0365,0.446678,0.830232,No,0.0365
NUPR1,0.0934,0.057,0.0364,1.0,1.0,No,0.0364
GATA5,0.0173,-0.019,0.0364,0.869415,0.953959,No,0.0364
ETV6,-0.0168,0.0195,-0.0363,0.191718,0.652879,No,0.0363
SRF,-0.3396,-0.3757,0.036,0.717297,0.920673,No,0.036
MITF,-0.0506,-0.0863,0.0357,0.574892,0.88879,No,0.0357
PAX3,0.0041,0.0396,-0.0356,0.335554,0.757251,No,0.0356
ZFX,-0.0841,-0.1198,0.0356,0.817956,0.935514,No,0.0356
SOX10,-0.1565,-0.1921,0.0356,0.717297,0.920673,No,0.0356
NCOR1,-0.1642,-0.1998,0.0356,0.668474,0.910569,No,0.0356
MEF2A,0.0676,0.1031,-0.0355,0.487596,0.830232,No,0.0355
E2F5,0.0655,0.0304,0.0351,0.216337,0.673049,No,0.0351
MYOD1,-0.0114,0.0237,-0.0351,0.717297,0.920673,No,0.0351
TFAP2C,-0.1155,-0.1503,0.0349,0.271786,0.723487,No,0.0349
SMAD2,-0.0035,0.0314,-0.0348,0.487596,0.830232,No,0.0348
CDX2,0.0487,0.0834,-0.0347,0.574892,0.88879,No,0.0347
BTG2,0.0164,0.0508,-0.0344,0.530435,0.858691,No,0.0344
NCOA6,-0.2081,-0.2425,0.0344,0.668474,0.910569,No,0.0344
ASCL2,-0.0574,-0.0231,-0.0343,0.817956,0.935514,No,0.0343
EPAS1,-0.0833,-0.1175,0.0341,0.3706,0.782609,No,0.0341
HOXC8,-0.1402,-0.1061,-0.0341,0.271786,0.723487,No,0.0341
ZKSCAN7,0.134,0.1678,-0.0338,0.335554,0.757251,No,0.0338
PKNOX1,0.0253,-0.0078,0.0331,0.817956,0.935514,No,0.0331
ZBTB17,-0.6638,-0.6964,0.0326,0.767137,0.922028,No,0.0326
PROP1,-0.0008,-0.0332,0.0323,0.767137,0.922028,No,0.0323
LEF1,0.0437,0.0759,-0.0321,0.335554,0.757251,No,0.0321
CEBPB,-0.0953,-0.0633,-0.032,0.621005,0.901113,No,0.032
SKIL,-0.0583,-0.0901,0.0319,0.407604,0.810917,No,0.0319
PPARA,-0.1019,-0.0701,-0.0318,0.446678,0.830232,No,0.0318
ZNF354C,0.1695,0.2013,-0.0318,0.487596,0.830232,No,0.0318
MAFB,0.1945,0.1629,0.0315,0.574892,0.88879,No,0.0315
LMO4,-0.0158,0.0156,-0.0314,0.921476,0.97568,No,0.0314
NR2C1,-0.2183,-0.2496,0.0313,0.817956,0.935514,No,0.0313
TFAP4,-0.1386,-0.1075,-0.031,0.973762,0.989468,No,0.031
SALL2,-0.0034,-0.0343,0.0309,0.869415,0.953959,No,0.0309
KAT6B,-0.1432,-0.1123,-0.0308,0.973762,0.989468,No,0.0308
IRF9,-0.0598,-0.0291,-0.0308,0.487596,0.830232,No,0.0308
ZNF160,0.0463,0.0159,0.0304,0.407604,0.810917,No,0.0304
ELK3,0.1258,0.0955,0.0303,0.487596,0.830232,No,0.0303
PRDM4,0.0061,-0.024,0.0301,0.530435,0.858691,No,0.0301
SNAI1,0.021,0.051,-0.03,0.767137,0.922028,No,0.03
SMAD1,0.0898,0.06,0.0298,0.817956,0.935514,No,0.0298
MAX,-0.9471,-0.9174,-0.0297,0.973762,0.989468,No,0.0297
LYL1,-0.1402,-0.1105,-0.0297,0.767137,0.922028,No,0.0297
SP7,-0.1349,-0.1059,-0.0291,0.487596,0.830232,No,0.0291
HSF1,-0.3816,-0.353,-0.0286,0.973762,0.989468,No,0.0286
MEOX2,0.0817,0.1103,-0.0286,0.621005,0.901113,No,0.0286
NKX3.1,0.1204,0.092,0.0284,0.921476,0.97568,No,0.0284
POU5F1,-0.0839,-0.056,-0.0279,0.668474,0.910569,No,0.0279
VENTX,-0.0902,-0.0624,-0.0277,0.767137,0.922028,No,0.0277
HAND1,-0.085,-0.0573,-0.0276,0.817956,0.935514,No,0.0276
NRG1,0.0803,0.0528,0.0275,0.869415,0.953959,No,0.0275
GATA6,-0.0627,-0.0356,-0.0271,0.717297,0.920673,No,0.0271
MYF6,-0.1055,-0.1325,0.027,0.530435,0.858691,No,0.027
NR4A1,-0.048,-0.0749,0.0268,0.717297,0.920673,No,0.0268
ZBTB7B,-0.0502,-0.077,0.0268,0.668474,0.910569,No,0.0268
APEX1,-0.0781,-0.1048,0.0267,0.574892,0.88879,No,0.0267
RARA,-0.0439,-0.0176,-0.0263,0.817956,0.935514,No,0.0263
NR1H4,-0.1253,-0.0991,-0.0262,0.530435,0.858691,No,0.0262
KLF5,-0.0635,-0.0896,0.0261,0.530435,0.858691,No,0.0261
IKZF1,0.0041,-0.022,0.0261,0.668474,0.910569,No,0.0261
KLF13,0.0344,0.06,-0.0256,0.717297,0.920673,No,0.0256
ZBTB38,-0.0931,-0.0677,-0.0254,0.767137,0.922028,No,0.0254
IKZF2,0.1566,0.1315,0.0251,0.407604,0.810917,No,0.0251
KAT2B,-0.0491,-0.0241,-0.025,0.668474,0.910569,No,0.025
FEV,-0.0049,-0.0298,0.0249,0.817956,0.935514,No,0.0249
HOXD1,0.0856,0.1104,-0.0248,0.869415,0.953959,No,0.0248
FOXO4,0.139,0.1143,0.0247,0.574892,0.88879,No,0.0247
FOXL2,-0.1197,-0.0952,-0.0246,0.717297,0.920673,No,0.0246
NR5A2,0.055,0.0795,-0.0245,0.717297,0.920673,No,0.0245
JDP2,0.0089,-0.0155,0.0244,0.767137,0.922028,No,0.0244
MBD1,0.049,0.0251,0.0239,0.530435,0.858691,No,0.0239
REL,0.0248,0.0012,0.0236,0.717297,0.920673,No,0.0236
ELK4,0.0375,0.0608,-0.0233,0.717297,0.920673,No,0.0233
FOXA3,-0.0726,-0.0496,-0.023,0.767137,0.922028,No,0.023
HBP1,-0.0164,0.0064,-0.0228,0.973762,0.989468,No,0.0228
TRIM28,-0.3746,-0.3519,-0.0227,0.817956,0.935514,No,0.0227
SMARCA1,0.0491,0.0266,0.0225,0.446678,0.830232,No,0.0225
WT1,0.0515,0.0295,0.022,0.717297,0.920673,No,0.022
IKZF4,-0.1143,-0.0923,-0.022,0.869415,0.953959,No,0.022
USF1,-0.1384,-0.1602,0.0219,0.767137,0.922028,No,0.0219
LHX4,-0.1297,-0.1078,-0.0219,0.621005,0.901113,No,0.0219
ESRRA,-0.2548,-0.2329,-0.0219,0.668474,0.910569,No,0.0219
SRSF2,-2.2676,-2.2892,0.0216,0.869415,0.953959,No,0.0216
FOXF2,0.0481,0.0697,-0.0216,0.668474,0.910569,No,0.0216
SOX6,0.0304,0.0519,-0.0215,0.717297,0.920673,No,0.0215
MYOCD,0.0457,0.0672,-0.0214,0.869415,0.953959,No,0.0214
MTA2,-0.2211,-0.2421,0.021,0.973762,0.989468,No,0.021
DBP,-0.1648,-0.1438,-0.021,0.921476,0.97568,No,0.021
RFX3,0.0388,0.0596,-0.0209,0.717297,0.920673,No,0.0209
RFXANK,-0.1247,-0.1454,0.0207,0.817956,0.935514,No,0.0207
DNMT3A,0.0149,0.0354,-0.0205,0.621005,0.901113,No,0.0205
GRHL2,-0.0632,-0.0835,0.0204,0.717297,0.920673,No,0.0204
IRF5,0.0201,0.0405,-0.0203,0.921476,0.97568,No,0.0203
BHLHE40,0.0232,0.0434,-0.0201,0.530435,0.858691,No,0.0201
FOXO1,-0.1248,-0.1449,0.02,0.767137,0.922028,No,0.02
TFAM,-0.5401,-0.5201,-0.02,0.621005,0.901113,No,0.02
MED1,-0.707,-0.6871,-0.0199,0.973762,0.989468,No,0.0199
DLX2,-0.0331,-0.0529,0.0198,0.717297,0.920673,No,0.0198
RFXAP,-0.0044,-0.0241,0.0197,0.869415,0.953959,No,0.0197
HOXA1,0.0252,0.0054,0.0197,0.717297,0.920673,No,0.0197
MYOG,0.0483,0.0678,-0.0195,0.668474,0.910569,No,0.0195
KLF7,-0.071,-0.0515,-0.0195,0.973762,0.989468,No,0.0195
YBX3,-0.1741,-0.1547,-0.0194,0.817956,0.935514,No,0.0194
VSX1,0.0626,0.0819,-0.0194,0.973762,0.989468,No,0.0194
RLF,-0.098,-0.1172,0.0192,0.767137,0.922028,No,0.0192
TBX10,-0.1457,-0.1643,0.0186,0.717297,0.920673,No,0.0186
SATB2,0.0708,0.0893,-0.0185,0.668474,0.910569,No,0.0185
CREB3,-0.1496,-0.131,-0.0185,0.621005,0.901113,No,0.0185
ABL1,0.0026,-0.0156,0.0182,0.621005,0.901113,No,0.0182
MECP2,0.0581,0.0762,-0.018,0.717297,0.920673,No,0.018
PITX3,-0.0722,-0.0548,-0.0175,0.869415,0.953959,No,0.0175
ZFPM2,0.0036,0.021,-0.0174,0.973762,0.989468,No,0.0174
TSHZ3,0.122,0.1047,0.0173,0.574892,0.88879,No,0.0173
NOTO,-0.1348,-0.1175,-0.0173,0.973762,0.989468,No,0.0173
MESP2,-0.0462,-0.0631,0.0169,0.335554,0.757251,No,0.0169
KLF4,-0.0143,0.0025,-0.0168,0.574892,0.88879,No,0.0168
ZFHX3,-0.0773,-0.0606,-0.0167,0.921476,0.97568,No,0.0167
NFIA,-0.1291,-0.1124,-0.0167,0.817956,0.935514,No,0.0167
DMTF1,-0.0326,-0.0161,-0.0165,0.973762,0.989468,No,0.0165
RFX2,-0.1321,-0.1157,-0.0165,0.668474,0.910569,No,0.0165
ZNF219,-0.0098,0.0066,-0.0164,0.530435,0.858691,No,0.0164
ZMYND8,-0.3156,-0.2993,-0.0163,0.817956,0.935514,No,0.0163
PITX2,0.0469,0.0627,-0.0158,0.621005,0.901113,No,0.0158
NCOA3,-0.1837,-0.1995,0.0158,0.767137,0.922028,No,0.0158
GABPA,-0.9988,-0.983,-0.0158,0.574892,0.88879,No,0.0158
ZNF76,-0.1374,-0.1531,0.0157,0.767137,0.922028,No,0.0157
KLF12,0.1405,0.1252,0.0152,0.921476,0.97568,No,0.0152
IRX1,0.0065,-0.0086,0.0151,0.973762,0.989468,No,0.0151
CREB5,0.0669,0.0819,-0.0149,0.869415,0.953959,No,0.0149
KCNIP3,-0.078,-0.0924,0.0144,0.574892,0.88879,No,0.0144
CUX1,-0.0307,-0.0166,-0.0142,0.869415,0.953959,No,0.0142
IRF2BPL,-0.0454,-0.0315,-0.0139,0.621005,0.901113,No,0.0139
HOXB9,-0.196,-0.2098,0.0138,0.621005,0.901113,No,0.0138
ZBTB14,0.1026,0.089,0.0136,0.973762,0.989468,No,0.0136
ETV1,0.1016,0.0881,0.0135,0.921476,0.97568,No,0.0135
MXD1,0.2573,0.2438,0.0135,0.487596,0.830232,No,0.0135
NRL,0.0535,0.0669,-0.0134,0.668474,0.910569,No,0.0134
ID4,-0.1005,-0.0873,-0.0132,0.921476,0.97568,No,0.0132
IRF3,-0.0614,-0.0483,-0.0131,0.574892,0.88879,No,0.0131
PAX5,-0.0626,-0.0757,0.0131,0.817956,0.935514,No,0.0131
FOSL1,-0.1865,-0.1993,0.0128,0.767137,0.922028,No,0.0128
CHD4,-1.1734,-1.1608,-0.0126,1.0,1.0,No,0.0126
NANOG,0.0604,0.0731,-0.0126,0.785714,0.935514,No,0.0126
HOXC13,-0.0944,-0.082,-0.0124,0.973762,0.989468,No,0.0124
HLF,-0.1008,-0.113,0.0122,0.574892,0.88879,No,0.0122
HR,0.0528,0.0406,0.0122,0.767137,0.922028,No,0.0122
KLF8,0.0026,-0.0095,0.0121,0.767137,0.922028,No,0.0121
NPAS2,0.0482,0.0603,-0.0121,0.869415,0.953959,No,0.0121
FOXI1,0.0828,0.0946,-0.0118,0.668474,0.910569,No,0.0118
HSF4,-0.2468,-0.2354,-0.0114,0.717297,0.920673,No,0.0114
POU4F3,0.028,0.0393,-0.0113,0.487596,0.830232,No,0.0113
TWIST1,0.0305,0.0418,-0.0113,0.817956,0.935514,No,0.0113
ESR1,-0.0281,-0.017,-0.0111,0.767137,0.922028,No,0.0111
MAFG,-0.2237,-0.2347,0.0111,0.487596,0.830232,No,0.0111
PPARGC1A,0.1075,0.0965,0.011,0.869415,0.953959,No,0.011
CEBPE,-0.1333,-0.1224,-0.0109,0.767137,0.922028,No,0.0109
ZNF699,-0.0816,-0.0925,0.0109,0.869415,0.953959,No,0.0109
NR3C1,-0.0682,-0.0575,-0.0107,0.767137,0.922028,No,0.0107
POU3F2,0.0779,0.0672,0.0107,0.668474,0.910569,No,0.0107
ESR2,-0.0643,-0.0746,0.0104,1.0,1.0,No,0.0104
POU3F4,0.1139,0.1035,0.0104,0.921476,0.97568,No,0.0104
NFAT5,-0.0517,-0.062,0.0103,0.817956,0.935514,No,0.0103
CREB1,-0.0966,-0.1069,0.0103,0.921476,0.97568,No,0.0103
NAB2,-0.0513,-0.0411,-0.0102,0.817956,0.935514,No,0.0102
HIC1,-0.039,-0.0288,-0.0102,0.973762,0.989468,No,0.0102
HEYL,0.0394,0.0293,0.0101,0.574892,0.88879,No,0.0101
EP300,-0.3757,-0.3659,-0.0098,0.817956,0.935514,No,0.0098
MIXL1,-0.1917,-0.1819,-0.0097,0.767137,0.922028,No,0.0097
NEUROD1,0.0444,0.0353,0.0091,0.767137,0.922028,No,0.0091
ZFP64,0.0234,0.0144,0.009,0.973762,0.989468,No,0.009
FOXC1,0.0658,0.0748,-0.009,0.921476,0.97568,No,0.009
HOXA11,-0.1109,-0.1199,0.009,0.921476,0.97568,No,0.009
FOXA2,-0.114,-0.1229,0.0089,0.08323,0.563916,No,0.0089
NFIL3,-0.0429,-0.0339,-0.0089,0.621005,0.901113,No,0.0089
ERG,-0.0569,-0.0481,-0.0088,0.668474,0.910569,No,0.0088
NHLH1,0.1356,0.1278,0.0078,0.817956,0.935514,No,0.0078
KLF9,-0.11,-0.1177,0.0077,1.0,1.0,No,0.0077
NFIX,0.0862,0.0939,-0.0077,0.407604,0.810917,No,0.0077
CREB3L1,0.0921,0.0997,-0.0076,0.574892,0.88879,No,0.0076
SPIB,-0.0141,-0.0217,0.0076,0.973762,0.989468,No,0.0076
SOX2,-0.1579,-0.1505,-0.0074,0.717297,0.920673,No,0.0074
PURA,0.0025,0.0099,-0.0074,0.817956,0.935514,No,0.0074
NR1D1,-0.0696,-0.0624,-0.0073,0.668474,0.910569,No,0.0073
POU4F2,-0.0514,-0.0444,-0.0069,1.0,1.0,No,0.0069
NR1H2,0.1242,0.1308,-0.0066,0.668474,0.910569,No,0.0066
OTX2,0.0937,0.0999,-0.0061,0.717297,0.920673,No,0.0061
SOX7,0.0051,-0.0009,0.006,0.817956,0.935514,No,0.006
EWSR1,-0.7851,-0.779,-0.006,0.869415,0.953959,No,0.006
HOXA9,-0.1091,-0.1031,-0.006,1.0,1.0,No,0.006
ETS1,0.0065,0.0124,-0.0059,0.621005,0.901113,No,0.0059
BCL11A,-0.0572,-0.0512,-0.0059,1.0,1.0,No,0.0059
MAML1,-0.0202,-0.0258,0.0057,0.767137,0.922028,No,0.0057
ZBTB16,0.1246,0.1303,-0.0057,0.817956,0.935514,No,0.0057
BARX2,0.0885,0.0829,0.0055,0.921476,0.97568,No,0.0055
HNF1B,-0.2538,-0.2591,0.0053,0.973762,0.989468,No,0.0053
ARNT,-0.0332,-0.028,-0.0052,0.869415,0.953959,No,0.0052
NR1H3,0.0734,0.0682,0.0052,0.817956,0.935514,No,0.0052
FGF2,-0.0078,-0.0128,0.0051,0.767137,0.922028,No,0.0051
MEF2C,0.0622,0.0574,0.0049,0.767137,0.922028,No,0.0049
POU1F1,0.1336,0.1287,0.0049,0.973762,0.989468,No,0.0049
NR3C2,-0.0165,-0.0214,0.0049,0.668474,0.910569,No,0.0049
E2F4,-0.0997,-0.0949,-0.0048,0.869415,0.953959,No,0.0048
HIF3A,0.1637,0.1682,-0.0046,0.973762,0.989468,No,0.0046
BARX1,0.0729,0.0684,0.0045,0.767137,0.922028,No,0.0045
E2F7,0.113,0.1173,-0.0043,0.621005,0.901113,No,0.0043
GRHL3,0.0805,0.0765,0.0039,0.817956,0.935514,No,0.0039
STAT4,-0.0498,-0.046,-0.0038,0.869415,0.953959,No,0.0038
PREB,-1.1158,-1.1121,-0.0037,0.973762,0.989468,No,0.0037
MEF2B,-0.1005,-0.1038,0.0034,0.767137,0.922028,No,0.0034
ZBTB33,0.0459,0.0491,-0.0032,0.921476,0.97568,No,0.0032
JUN,-0.3744,-0.3777,0.0032,0.621005,0.901113,No,0.0032
ARID4A,0.0039,0.0009,0.003,0.530435,0.858691,No,0.003
HDAC4,0.0912,0.094,-0.0028,0.973762,0.989468,No,0.0028
ESRRB,0.0318,0.0347,-0.0028,0.717297,0.920673,No,0.0028
HOXA5,-0.0145,-0.017,0.0025,0.621005,0.901113,No,0.0025
HDAC9,0.0793,0.0818,-0.0025,0.767137,0.922028,No,0.0025
ERF,0.0308,0.0288,0.002,0.921476,0.97568,No,0.002
SP1,0.0241,0.0224,0.0017,0.973762,0.989468,No,0.0017
HIVEP2,0.1373,0.1388,-0.0015,0.869415,0.953959,No,0.0015
HOXA10,-0.0075,-0.0089,0.0015,0.869415,0.953959,No,0.0015
HIVEP3,-0.104,-0.1024,-0.0015,0.869415,0.953959,No,0.0015
HSF2,0.015,0.0134,0.0015,0.869415,0.953959,No,0.0015
E2F1,-0.1114,-0.11,-0.0014,0.921476,0.97568,No,0.0014
SPI1,-0.0024,-0.001,-0.0014,0.767137,0.922028,No,0.0014
GSC,0.031,0.0324,-0.0014,1.0,1.0,No,0.0014
NFKB1,0.0406,0.042,-0.0014,0.817956,0.935514,No,0.0014
PAX4,0.0572,0.0558,0.0013,1.0,1.0,No,0.0013
RUNX3,0.0108,0.0095,0.0012,1.0,1.0,No,0.0012
PLAGL2,-0.2085,-0.2073,-0.0011,0.621005,0.901113,No,0.0011
ETV4,-0.0825,-0.0814,-0.001,0.921476,0.97568,No,0.001
PARK7,-0.1221,-0.1212,-0.0009,0.574892,0.88879,No,0.0009
GCM1,0.0093,0.0084,0.0009,0.973762,0.989468,No,0.0009
ZNF423,0.0864,0.0872,-0.0008,0.973762,0.989468,No,0.0008
ARX,-0.0057,-0.0049,-0.0008,0.574892,0.88879,No,0.0008
STAT3,-0.108,-0.1089,0.0008,0.973762,0.989468,No,0.0008
HOXA7,0.0287,0.0293,-0.0006,0.717297,0.920673,No,0.0006
PBX1,-0.0865,-0.0859,-0.0006,0.668474,0.910569,No,0.0006
DACH1,-0.1916,-0.1921,0.0005,1.0,1.0,No,0.0005
TCF15,0.1333,0.1337,-0.0003,0.767137,0.922028,No,0.0003
IRF1,0.0629,0.0627,0.0002,0.767137,0.922028,No,0.0002
SP4,0.0927,0.0927,0.0,0.869415,0.953959,No,0.0
