TF,mean_ADRN,mean_MES,difference,p_value,q_value,significant,abs_difference
SP1,-0.9068,1.1061,-2.0129,0.0,0.0,Yes,2.0129
ETS1,-0.8772,1.0653,-1.9424,0.0,0.0,Yes,1.9424
SP3,-0.8674,1.0521,-1.9195,0.0,0.0,Yes,1.9195
TP53,-0.8584,1.053,-1.9114,0.0,0.0,Yes,1.9114
AP1,-0.8406,1.0645,-1.9051,0.0,0.0,Yes,1.9051
SMAD3,-0.9053,0.9972,-1.9025,0.0,0.0,Yes,1.9025
NFKB,-0.8302,1.068,-1.8982,0.0,0.0,Yes,1.8982
MAF,-0.7838,1.0765,-1.8603,0.0,0.0,Yes,1.8603
JUN,-0.8462,1.0139,-1.8601,0.0,0.0,Yes,1.8601
CEBPB,-0.8179,1.031,-1.8489,0.0,0.0,Yes,1.8489
STAT1,-0.8168,1.0281,-1.8449,0.0,0.0,Yes,1.8449
STAT3,-0.833,1.011,-1.844,0.0,0.0,Yes,1.844
ETV4,-0.8392,0.9948,-1.8339,0.0,0.0,Yes,1.8339
NFKB1,-0.8144,1.0117,-1.826,0.0,0.0,Yes,1.826
CEBPA,-0.7991,1.024,-1.823,0.0,0.0,Yes,1.823
SPI1,-0.8027,1.0198,-1.8226,0.0,0.0,Yes,1.8226
USF2,-0.7993,1.0203,-1.8195,0.0,0.0,Yes,1.8195
TGFB1I1,-0.882,0.934,-1.816,0.0,0.0,Yes,1.816
FOS,-0.8179,0.9917,-1.8096,0.0,0.0,Yes,1.8096
ETS2,-0.8044,1.0012,-1.8055,0.0,0.0,Yes,1.8055
TP63,-0.8292,0.9749,-1.8042,0.0,0.0,Yes,1.8042
HIF1A,-0.7972,1.004,-1.8012,0.0,0.0,Yes,1.8012
BARX1,-0.7964,1.0012,-1.7976,0.0,0.0,Yes,1.7976
ESR1,-0.8397,0.9563,-1.796,0.0,0.0,Yes,1.796
FOXC1,-0.8585,0.9367,-1.7952,0.0,0.0,Yes,1.7952
SRF,-0.843,0.9496,-1.7925,0.0,0.0,Yes,1.7925
ELF3,-0.7962,0.9931,-1.7893,0.0,0.0,Yes,1.7893
TP73,-0.8001,0.9839,-1.784,0.0,0.0,Yes,1.784
RELA,-0.7994,0.9831,-1.7825,0.0,0.0,Yes,1.7825
RARA,-0.7816,0.9983,-1.7799,0.0,0.0,Yes,1.7799
USF1,-0.7502,1.0038,-1.7539,0.0,0.0,Yes,1.7539
VDR,-0.8247,0.9278,-1.7525,0.0,0.0,Yes,1.7525
ESR2,-0.7715,0.9781,-1.7496,0.0,0.0,Yes,1.7496
PITX2,-0.7706,0.9565,-1.727,0.0,0.0,Yes,1.727
IRF3,-0.7436,0.98,-1.7237,0.0,0.0,Yes,1.7237
FOXO1,-0.7663,0.9571,-1.7235,0.0,0.0,Yes,1.7235
SMAD2,-0.8174,0.9042,-1.7216,0.0,0.0,Yes,1.7216
SMAD4,-0.763,0.9528,-1.7158,0.0,0.0,Yes,1.7158
EGR1,-0.7705,0.9448,-1.7153,0.0,0.0,Yes,1.7153
REL,-0.7573,0.9532,-1.7105,0.0,0.0,Yes,1.7105
MSC,-0.7339,0.9717,-1.7057,0.0,0.0,Yes,1.7057
TFE3,-0.7812,0.9225,-1.7036,0.0,0.0,Yes,1.7036
NFYB,-0.7965,0.9069,-1.7035,0.0,0.0,Yes,1.7035
ATF2,-0.7949,0.9056,-1.7005,0.0,0.0,Yes,1.7005
HMGA1,-0.7836,0.9135,-1.6971,0.0,0.0,Yes,1.6971
JUND,-0.7666,0.9271,-1.6937,0.0,0.0,Yes,1.6937
ERG,-0.7895,0.9025,-1.692,0.0,0.0,Yes,1.692
CTNNB1,-0.7542,0.9353,-1.6895,0.0,0.0,Yes,1.6895
IRF8,-0.7467,0.9385,-1.6852,0.0,0.0,Yes,1.6852
NR3C1,-0.7387,0.9437,-1.6824,0.0,0.0,Yes,1.6824
STAT6,-0.7423,0.9383,-1.6805,0.0,0.0,Yes,1.6805
CEBPG,-0.7561,0.9239,-1.6799,0.0,0.0,Yes,1.6799
STAT2,-0.7353,0.9426,-1.6779,0.0,0.0,Yes,1.6779
LMO2,-0.7297,0.9459,-1.6756,0.0,0.0,Yes,1.6756
HIVEP2,-0.7757,0.8998,-1.6755,0.0,0.0,Yes,1.6755
MTF1,-0.7182,0.954,-1.6722,0.0,0.0,Yes,1.6722
TFAP2A,-0.7323,0.9388,-1.6711,0.0,0.0,Yes,1.6711
NFATC1,-0.7077,0.9574,-1.6651,0.0,0.0,Yes,1.6651
ATF4,-0.7341,0.9237,-1.6578,0.0,0.0,Yes,1.6578
KLF15,-0.7284,0.929,-1.6574,0.0,0.0,Yes,1.6574
NFATC2,-0.7112,0.946,-1.6572,0.0,0.0,Yes,1.6572
PAX3,-0.7699,0.8847,-1.6546,0.0,0.0,Yes,1.6546
SNAI1,-0.7071,0.9421,-1.6492,0.0,0.0,Yes,1.6492
CEBPZ,-0.7573,0.8869,-1.6442,0.0,0.0,Yes,1.6442
ZNF354C,-0.767,0.869,-1.636,0.0,0.0,Yes,1.636
RUNX1,-0.7465,0.8838,-1.6303,0.0,0.0,Yes,1.6303
IRF1,-0.7095,0.9113,-1.6208,0.0,0.0,Yes,1.6208
RFX1,-0.7294,0.8903,-1.6197,0.0,0.0,Yes,1.6197
AHR,-0.74,0.8734,-1.6134,0.0,0.0,Yes,1.6134
GATA2,-0.713,0.8993,-1.6123,0.0,0.0,Yes,1.6123
ZBTB16,-0.6917,0.9017,-1.5935,0.0,0.0,Yes,1.5935
KLF6,-0.7047,0.8887,-1.5933,0.0,0.0,Yes,1.5933
JDP2,-0.7609,0.8286,-1.5895,0.0,0.0,Yes,1.5895
CEBPD,-0.6763,0.9011,-1.5774,0.0,0.0,Yes,1.5774
HMGA2,-0.7254,0.8489,-1.5743,0.0,0.0,Yes,1.5743
BTG2,-0.6699,0.9042,-1.5741,0.0,0.0,Yes,1.5741
NKX2.5,-0.7413,0.8301,-1.5714,0.0,0.0,Yes,1.5714
HDAC1,0.7214,-0.8476,1.569,0.0,0.0,Yes,1.569
TCF3,-0.7054,0.8614,-1.5668,0.0,0.0,Yes,1.5668
MITF,-0.6762,0.8831,-1.5593,0.0,0.0,Yes,1.5593
ETV2,-0.7175,0.8333,-1.5508,0.0,0.0,Yes,1.5508
CUX1,-0.7282,0.8183,-1.5465,0.0,0.0,Yes,1.5465
SMAD1,-0.6883,0.8581,-1.5464,0.0,0.0,Yes,1.5464
PPARD,-0.6806,0.8658,-1.5464,0.0,0.0,Yes,1.5464
EGR2,-0.6393,0.9057,-1.545,0.0,0.0,Yes,1.545
SSRP1,-0.7043,0.8376,-1.542,0.0,0.0,Yes,1.542
RXRA,-0.6771,0.8625,-1.5396,0.0,0.0,Yes,1.5396
STAT5A,-0.7031,0.836,-1.5392,0.0,0.0,Yes,1.5392
MYB,-0.6978,0.8333,-1.5311,0.0,0.0,Yes,1.5311
MAFB,-0.6717,0.8545,-1.5262,0.0,0.0,Yes,1.5262
NR1H3,-0.6623,0.8505,-1.5128,0.0,0.0,Yes,1.5128
ETV5,-0.7089,0.8015,-1.5104,0.0,0.0,Yes,1.5104
RXRB,-0.7211,0.7885,-1.5095,0.0,0.0,Yes,1.5095
SP7,-0.6892,0.8163,-1.5055,0.0,0.0,Yes,1.5055
SCX,-0.7047,0.7989,-1.5036,0.0,0.0,Yes,1.5036
FOXC2,-0.6966,0.803,-1.4996,0.0,0.0,Yes,1.4996
RARG,-0.7181,0.7699,-1.488,0.0,0.0,Yes,1.488
IRF4,-0.6336,0.8466,-1.4802,0.0,0.0,Yes,1.4802
KAT6A,-0.6878,0.7908,-1.4786,0.0,0.0,Yes,1.4786
ZFX,-0.6919,0.786,-1.4779,0.0,0.0,Yes,1.4779
HR,-0.6689,0.8024,-1.4713,0.0,0.0,Yes,1.4713
NFKBIB,-0.5888,0.8802,-1.4691,0.0,0.0,Yes,1.4691
IRF2,-0.6274,0.8411,-1.4685,0.0,0.0,Yes,1.4685
FLI1,-0.6858,0.7784,-1.4642,0.0,0.0,Yes,1.4642
NFIC,-0.673,0.7856,-1.4585,0.0,0.0,Yes,1.4585
FOXN1,-0.7445,0.7134,-1.4579,0.0,0.0,Yes,1.4579
CREB1,-0.649,0.7973,-1.4463,0.0,0.0,Yes,1.4463
EGR3,-0.6336,0.8104,-1.4441,0.0,0.0,Yes,1.4441
HEYL,0.7143,-0.7292,1.4435,0.0,0.0,Yes,1.4435
ZBTB18,0.6945,-0.7476,1.4421,0.0,0.0,Yes,1.4421
RFXAP,-0.6395,0.8005,-1.44,0.0,0.0,Yes,1.44
ZBTB7B,-0.6495,0.7836,-1.4331,0.0,0.0,Yes,1.4331
MAFG,-0.606,0.8252,-1.4312,0.0,0.0,Yes,1.4312
ELF2,-0.6125,0.8132,-1.4257,0.0,0.0,Yes,1.4257
ID3,-0.652,0.773,-1.425,0.0,0.0,Yes,1.425
ZNF91,-0.6634,0.7601,-1.4234,0.0,0.0,Yes,1.4234
IRF6,-0.6256,0.7931,-1.4188,0.0,0.0,Yes,1.4188
NFKB2,-0.6505,0.7625,-1.413,0.0,0.0,Yes,1.413
NFE2L2,-0.6241,0.7859,-1.41,0.0,0.0,Yes,1.41
FOXO3,-0.6278,0.7813,-1.4091,0.0,0.0,Yes,1.4091
NFAT5,-0.6213,0.7875,-1.4088,0.0,0.0,Yes,1.4088
GFI1B,-0.6757,0.7305,-1.4061,0.0,0.0,Yes,1.4061
WT1,-0.6518,0.7502,-1.402,0.0,0.0,Yes,1.402
YBX1,-0.5786,0.8224,-1.401,0.0,0.0,Yes,1.401
DDIT3,-0.62,0.7802,-1.4002,0.0,0.0,Yes,1.4002
NRG1,-0.6451,0.7532,-1.3983,0.0,0.0,Yes,1.3983
PPARA,-0.5888,0.806,-1.3949,0.0,0.0,Yes,1.3949
RUNX2,-0.645,0.7476,-1.3927,0.0,0.0,Yes,1.3927
JUNB,-0.6351,0.7552,-1.3903,0.0,0.0,Yes,1.3903
NSD2,-0.6498,0.7403,-1.3901,0.0,0.0,Yes,1.3901
ID2,-0.6286,0.7606,-1.3891,0.0,0.0,Yes,1.3891
RFXANK,-0.6156,0.771,-1.3866,0.0,0.0,Yes,1.3866
MYOD1,-0.6463,0.733,-1.3794,0.0,0.0,Yes,1.3794
GLI1,-0.6217,0.7577,-1.3794,0.0,0.0,Yes,1.3794
EPAS1,-0.6055,0.7713,-1.3768,0.0,0.0,Yes,1.3768
CIITA,-0.604,0.7725,-1.3765,0.0,0.0,Yes,1.3765
HSF1,-0.6293,0.7466,-1.3759,0.0,0.0,Yes,1.3759
HBP1,-0.6014,0.7731,-1.3745,0.0,0.0,Yes,1.3745
GLI3,-0.6174,0.7467,-1.3641,0.0,0.0,Yes,1.3641
XBP1,-0.5804,0.777,-1.3574,0.0,0.0,Yes,1.3574
GATA4,-0.6369,0.7184,-1.3553,0.0,0.0,Yes,1.3553
TFAP2C,-0.6223,0.7281,-1.3504,0.0,0.0,Yes,1.3504
ELF4,-0.6062,0.7371,-1.3434,0.0,0.0,Yes,1.3434
DNMT1,-0.595,0.7484,-1.3434,0.0,0.0,Yes,1.3434
NR2F2,-0.5921,0.7495,-1.3416,0.0,0.0,Yes,1.3416
TBXT,-0.6332,0.707,-1.3402,0.0,0.0,Yes,1.3402
ATF1,-0.585,0.7549,-1.3399,0.0,0.0,Yes,1.3399
TFAP2B,-0.5553,0.784,-1.3393,0.0,0.0,Yes,1.3393
GTF3A,-0.6477,0.6908,-1.3385,0.0,0.0,Yes,1.3385
RFX5,-0.5985,0.7392,-1.3376,0.0,0.0,Yes,1.3376
MAX,-0.602,0.7344,-1.3364,0.0,0.0,Yes,1.3364
DAXX,0.606,-0.7297,1.3356,0.0,0.0,Yes,1.3356
NOTCH1,-0.6864,0.6486,-1.335,0.0,0.0,Yes,1.335
KLF5,-0.6147,0.7191,-1.3338,0.0,0.0,Yes,1.3338
CDX1,-0.6349,0.6919,-1.3268,0.0,0.0,Yes,1.3268
DLX4,-0.5586,0.7666,-1.3252,0.0,0.0,Yes,1.3252
KLF4,-0.6275,0.6962,-1.3237,0.0,0.0,Yes,1.3237
EOMES,-0.6342,0.6871,-1.3213,0.0,0.0,Yes,1.3213
NAB2,0.5869,-0.7329,1.3198,0.0,0.0,Yes,1.3198
NKX2.1,-0.6117,0.7068,-1.3185,0.0,0.0,Yes,1.3185
ATF3,-0.6149,0.7028,-1.3177,0.0,0.0,Yes,1.3177
NR3C2,-0.6287,0.6865,-1.3151,0.0,0.0,Yes,1.3151
WWTR1,-0.6171,0.6958,-1.3129,0.0,0.0,Yes,1.3129
MYOCD,-0.6107,0.6978,-1.3085,0.0,0.0,Yes,1.3085
NR1H4,-0.5771,0.7282,-1.3053,0.0,0.0,Yes,1.3053
GSC,-0.5695,0.7358,-1.3052,0.0,0.0,Yes,1.3052
PLAGL1,-0.5911,0.7045,-1.2957,0.0,0.0,Yes,1.2957
KLF10,-0.5985,0.6971,-1.2956,0.0,0.0,Yes,1.2956
DOT1L,-0.5978,0.6978,-1.2956,0.0,0.0,Yes,1.2956
SPIB,-0.5991,0.6923,-1.2914,0.0,0.0,Yes,1.2914
SOX6,-0.5613,0.727,-1.2882,0.0,0.0,Yes,1.2882
SOX2,-0.6122,0.6745,-1.2867,0.0,0.0,Yes,1.2867
ARID4B,0.6325,-0.6525,1.2849,0.0,0.0,Yes,1.2849
CTCF,-0.5697,0.7131,-1.2828,0.0,0.0,Yes,1.2828
ZNF382,0.5943,-0.6879,1.2823,0.0,0.0,Yes,1.2823
ETV6,-0.5614,0.7178,-1.2792,0.0,0.0,Yes,1.2792
HDAC9,0.5951,-0.6821,1.2772,0.0,0.0,Yes,1.2772
STAT5B,-0.5672,0.7072,-1.2743,0.0,0.0,Yes,1.2743
ELF1,-0.533,0.7372,-1.2702,0.0,0.0,Yes,1.2702
RELB,-0.5838,0.6861,-1.2699,0.0,0.0,Yes,1.2699
CXXC1,-0.6083,0.6604,-1.2687,0.0,0.0,Yes,1.2687
KLF2,-0.5683,0.7002,-1.2685,0.0,0.0,Yes,1.2685
ARID1A,-0.5663,0.6991,-1.2654,0.0,0.0,Yes,1.2654
KAT7,-0.5983,0.6647,-1.263,0.0,0.0,Yes,1.263
VSX2,-0.5648,0.698,-1.2628,0.0,0.0,Yes,1.2628
GATA6,-0.5507,0.7084,-1.259,0.0,0.0,Yes,1.259
NR1D1,0.5222,-0.7362,1.2584,0.0,0.0,Yes,1.2584
STAT4,-0.5324,0.7241,-1.2566,0.0,0.0,Yes,1.2566
NFATC3,-0.5888,0.6677,-1.2565,0.0,0.0,Yes,1.2565
HOXD3,-0.5946,0.6598,-1.2544,0.0,0.0,Yes,1.2544
NFIA,-0.5209,0.7326,-1.2536,0.0,0.0,Yes,1.2536
AIRE,-0.5628,0.69,-1.2528,0.0,0.0,Yes,1.2528
TCF21,-0.5795,0.6669,-1.2464,0.0,0.0,Yes,1.2464
NR1I2,-0.5102,0.736,-1.2462,0.0,0.0,Yes,1.2462
NFKBIZ,-0.5508,0.6953,-1.2461,0.0,0.0,Yes,1.2461
ZNF384,-0.5962,0.6471,-1.2433,0.0,0.0,Yes,1.2433
NCOA2,-0.6007,0.6334,-1.2341,0.0,0.0,Yes,1.2341
PRRX1,-0.5835,0.6479,-1.2315,0.0,0.0,Yes,1.2315
HES1,-0.5839,0.6472,-1.2311,0.0,0.0,Yes,1.2311
TCF12,-0.5486,0.6823,-1.2309,0.0,0.0,Yes,1.2309
MECP2,0.5763,-0.6508,1.2271,0.0,0.0,Yes,1.2271
HOXB2,-0.5102,0.7161,-1.2262,0.0,0.0,Yes,1.2262
CEBPE,-0.5526,0.6692,-1.2218,0.0,0.0,Yes,1.2218
BMAL2,-0.5171,0.7046,-1.2217,0.0,0.0,Yes,1.2217
RB1,-0.5501,0.6696,-1.2197,0.0,0.0,Yes,1.2197
UBTF,0.5385,-0.681,1.2194,0.0,0.0,Yes,1.2194
POU2F2,-0.5145,0.7049,-1.2194,0.0,0.0,Yes,1.2194
TBX10,-0.4915,0.7274,-1.2189,0.0,0.0,Yes,1.2189
TCF7L2,-0.5362,0.6818,-1.218,0.0,0.0,Yes,1.218
CREB3,-0.4979,0.7179,-1.2159,0.0,0.0,Yes,1.2159
AR,-0.5494,0.6571,-1.2065,0.0,0.0,Yes,1.2065
PBX2,-0.5163,0.6822,-1.1984,0.0,0.0,Yes,1.1984
PGR,-0.5769,0.6131,-1.19,0.0,0.0,Yes,1.19
PLAG1,-0.5516,0.6374,-1.189,0.0,0.0,Yes,1.189
TBX18,-0.5699,0.6176,-1.1875,0.0,0.0,Yes,1.1875
HOXB5,-0.5575,0.6289,-1.1864,0.0,0.0,Yes,1.1864
ZNF202,0.5017,-0.6835,1.1852,0.0,0.0,Yes,1.1852
TAL1,-0.606,0.5778,-1.1838,0.0,0.0,Yes,1.1838
LHX1,-0.5444,0.639,-1.1833,0.0,0.0,Yes,1.1833
TEAD4,-0.5735,0.6059,-1.1795,0.0,0.0,Yes,1.1795
GATA1,-0.5328,0.6455,-1.1783,0.0,0.0,Yes,1.1783
ZNF300,-0.4962,0.6797,-1.176,0.0,0.0,Yes,1.176
NFIL3,-0.502,0.6727,-1.1747,0.0,0.0,Yes,1.1747
HDAC7,0.4913,-0.6834,1.1747,0.0,0.0,Yes,1.1747
LHX8,-0.5133,0.6605,-1.1738,0.0,0.0,Yes,1.1738
CLOCK,-0.5404,0.6328,-1.1732,0.0,0.0,Yes,1.1732
TWIST2,-0.5219,0.6508,-1.1727,0.0,0.0,Yes,1.1727
TCF7,-0.5562,0.6153,-1.1716,0.0,0.0,Yes,1.1716
DLX5,-0.5495,0.6209,-1.1704,0.0,0.0,Yes,1.1704
GATA3,-0.5644,0.6057,-1.1701,0.0,0.0,Yes,1.1701
NR2C2,-0.5465,0.6227,-1.1692,0.0,0.0,Yes,1.1692
IRF7,-0.5281,0.635,-1.1631,0.0,0.0,Yes,1.1631
ATF7,-0.5388,0.6212,-1.16,0.0,0.0,Yes,1.16
HTATIP2,-0.4979,0.6614,-1.1593,0.0,0.0,Yes,1.1593
RARB,-0.5293,0.6255,-1.1548,0.0,0.0,Yes,1.1548
KDM5D,-0.5385,0.6132,-1.1517,0.0,0.0,Yes,1.1517
KLF3,-0.5475,0.6039,-1.1514,0.0,0.0,Yes,1.1514
EBF1,-0.4813,0.6684,-1.1497,0.0,0.0,Yes,1.1497
NR4A3,-0.482,0.6671,-1.1491,0.0,0.0,Yes,1.1491
ETV1,-0.499,0.6496,-1.1486,0.0,0.0,Yes,1.1486
DMTF1,-0.5618,0.5852,-1.147,0.0,0.0,Yes,1.147
EHF,-0.5144,0.6322,-1.1465,0.0,0.0,Yes,1.1465
TFCP2,-0.4926,0.6487,-1.1414,0.0,0.0,Yes,1.1414
PURA,-0.5313,0.6069,-1.1383,0.0,0.0,Yes,1.1383
LMX1B,-0.5253,0.6101,-1.1354,0.0,0.0,Yes,1.1354
AEBP1,-0.4479,0.6837,-1.1316,0.0,0.0,Yes,1.1316
MEF2B,-0.51,0.6206,-1.1307,0.0,0.0,Yes,1.1307
NR2E3,-0.4769,0.6477,-1.1245,0.0,0.0,Yes,1.1245
ZNF362,-0.4527,0.6677,-1.1204,0.0,0.0,Yes,1.1204
HIPK2,0.5492,-0.5708,1.12,0.0,0.0,Yes,1.12
ZXDC,-0.5139,0.6045,-1.1184,0.0,0.0,Yes,1.1184
TRERF1,0.4875,-0.629,1.1164,0.0,0.0,Yes,1.1164
GLI2,0.4919,-0.6225,1.1143,0.0,0.0,Yes,1.1143
SMAD9,-0.5233,0.5882,-1.1114,0.0,0.0,Yes,1.1114
HOXA4,-0.5749,0.5331,-1.108,0.0,0.0,Yes,1.108
MEF2A,-0.5369,0.5709,-1.1078,0.0,0.0,Yes,1.1078
IRF9,-0.4574,0.6445,-1.1019,0.0,0.0,Yes,1.1019
KLF9,-0.4645,0.6306,-1.0951,0.0,0.0,Yes,1.0951
RBPJ,-0.4927,0.5997,-1.0925,0.0,0.0,Yes,1.0925
HDGF,-0.5138,0.5745,-1.0883,0.0,0.0,Yes,1.0883
ZFP42,-0.518,0.5675,-1.0855,0.0,0.0,Yes,1.0855
HNF4A,-0.4824,0.6027,-1.0851,0.0,0.0,Yes,1.0851
PBRM1,-0.509,0.5715,-1.0805,0.0,0.0,Yes,1.0805
NFYC,-0.4983,0.5781,-1.0764,0.0,0.0,Yes,1.0764
TEF,-0.4806,0.5943,-1.0749,0.0,0.0,Yes,1.0749
MYF5,-0.4556,0.6179,-1.0735,0.0,0.0,Yes,1.0735
ZNF699,-0.4642,0.6088,-1.073,0.0,0.0,Yes,1.073
BCL6,-0.4759,0.5936,-1.0695,0.0,0.0,Yes,1.0695
DBP,-0.4728,0.5954,-1.0682,0.0,0.0,Yes,1.0682
ZNF263,-0.4811,0.5793,-1.0605,0.0,0.0,Yes,1.0605
TET1,-0.4662,0.593,-1.0593,0.0,0.0,Yes,1.0593
ZFPM2,-0.4677,0.5872,-1.0549,0.0,0.0,Yes,1.0549
BATF,-0.3928,0.6606,-1.0534,0.0,0.0,Yes,1.0534
SOX18,-0.5078,0.5437,-1.0515,0.0,0.0,Yes,1.0515
TBX21,-0.4536,0.5971,-1.0507,0.0,0.0,Yes,1.0507
GABPA,-0.4914,0.5567,-1.0481,0.0,0.0,Yes,1.0481
HIF3A,0.4775,-0.5684,1.0459,0.0,0.0,Yes,1.0459
ASCL2,-0.5519,0.4937,-1.0456,0.0,0.0,Yes,1.0456
MIXL1,-0.4344,0.6075,-1.0419,0.0,0.0,Yes,1.0419
POU2F1,-0.4457,0.594,-1.0397,0.0,0.0,Yes,1.0397
NR1H2,-0.439,0.6005,-1.0395,0.0,0.0,Yes,1.0395
MYOG,-0.493,0.5457,-1.0387,0.0,0.0,Yes,1.0387
TEAD2,-0.4862,0.5483,-1.0345,0.0,0.0,Yes,1.0345
SOX9,-0.5192,0.5144,-1.0336,0.0,0.0,Yes,1.0336
MYRF,-0.4637,0.5674,-1.0312,0.0,0.0,Yes,1.0312
HAND2,-0.4714,0.5591,-1.0305,0.0,0.0,Yes,1.0305
NFE2L3,-0.4754,0.5515,-1.0268,0.0,0.0,Yes,1.0268
MEF2D,-0.4516,0.5691,-1.0207,0.0,0.0,Yes,1.0207
PITX3,-0.4935,0.5247,-1.0182,0.0,0.0,Yes,1.0182
HOXA1,-0.4792,0.5335,-1.0127,0.0,0.0,Yes,1.0127
HES6,0.5036,-0.5042,1.0078,0.0,0.0,Yes,1.0078
ELK1,-0.4919,0.5138,-1.0057,0.0,0.0,Yes,1.0057
PHF20,-0.4695,0.5345,-1.004,0.0,0.0,Yes,1.004
FOXO4,-0.453,0.5509,-1.0039,0.0,0.0,Yes,1.0039
E2F6,0.418,-0.5827,1.0008,0.0,0.0,Yes,1.0008
TFAP4,-0.5604,0.4405,-1.0008,0.0,0.0,Yes,1.0008
NCOA1,-0.434,0.5659,-0.9999,0.0,0.0,Yes,0.9999
MEOX1,-0.546,0.4481,-0.9941,0.0,0.0,Yes,0.9941
FOSB,-0.4916,0.4968,-0.9884,0.0,0.0,Yes,0.9884
PRDM16,-0.384,0.6041,-0.9881,0.0,0.0,Yes,0.9881
BACH2,0.4136,-0.5686,0.9822,0.0,0.0,Yes,0.9822
NFX1,-0.4692,0.5123,-0.9815,0.0,0.0,Yes,0.9815
NKX6.2,-0.3845,0.5952,-0.9796,0.0,0.0,Yes,0.9796
FOXM1,-0.421,0.5564,-0.9773,0.0,0.0,Yes,0.9773
PAWR,0.4357,-0.5402,0.9759,0.0,0.0,Yes,0.9759
SPIC,-0.3707,0.6036,-0.9743,0.0,0.0,Yes,0.9743
E2F4,0.4019,-0.5678,0.9697,0.0,0.0,Yes,0.9697
ZMYND8,0.442,-0.5217,0.9637,0.0,0.0,Yes,0.9637
HCFC1,0.4408,-0.5185,0.9593,0.0,0.0,Yes,0.9593
DACH1,0.4276,-0.5288,0.9564,0.0,0.0,Yes,0.9564
FOXF1,-0.4338,0.5211,-0.9549,0.0,0.0,Yes,0.9549
MAML1,-0.4738,0.4806,-0.9544,0.0,0.0,Yes,0.9544
TFAM,0.4553,-0.4983,0.9536,0.0,0.0,Yes,0.9536
SOX7,-0.4627,0.4877,-0.9505,0.0,0.0,Yes,0.9505
HIVEP3,-0.399,0.5426,-0.9417,0.0,0.0,Yes,0.9417
PKNOX1,-0.3801,0.558,-0.9381,0.0,0.0,Yes,0.9381
PAX7,-0.4521,0.4856,-0.9377,0.0,0.0,Yes,0.9377
ARX,-0.382,0.5542,-0.9362,0.0,0.0,Yes,0.9362
FOXA2,-0.3848,0.5509,-0.9357,0.0,0.0,Yes,0.9357
PAX6,-0.4235,0.5116,-0.9351,0.0,0.0,Yes,0.9351
AIP,-0.401,0.5339,-0.9349,0.0,0.0,Yes,0.9349
MKX,-0.3921,0.5425,-0.9345,0.0,0.0,Yes,0.9345
HDAC3,-0.3909,0.5418,-0.9326,0.0,0.0,Yes,0.9326
GTF2I,-0.4343,0.4916,-0.926,0.0,0.0,Yes,0.926
GRHL3,-0.4169,0.5049,-0.9219,0.0,0.0,Yes,0.9219
PBX1,-0.393,0.5279,-0.9209,0.0,0.0,Yes,0.9209
NFYA,-0.4402,0.478,-0.9182,0.0,0.0,Yes,0.9182
ID4,-0.3643,0.5512,-0.9154,0.0,0.0,Yes,0.9154
SATB1,-0.4726,0.4373,-0.9099,0.0,0.0,Yes,0.9099
ETV7,-0.4217,0.4875,-0.9092,0.0,0.0,Yes,0.9092
ARID3B,0.3852,-0.5232,0.9084,0.0,0.0,Yes,0.9084
MSX2,-0.3712,0.5362,-0.9073,0.0,0.0,Yes,0.9073
TOX3,-0.4513,0.4399,-0.8912,0.0,0.0,Yes,0.8912
ARNT,-0.3728,0.5089,-0.8817,0.0,0.0,Yes,0.8817
ATF6,-0.4149,0.4651,-0.88,0.0,0.0,Yes,0.88
TEAD1,-0.4625,0.4172,-0.8797,0.0,0.0,Yes,0.8797
HHEX,-0.4337,0.44,-0.8737,0.0,0.0,Yes,0.8737
HOXA2,0.3979,-0.4743,0.8721,0.0,0.0,Yes,0.8721
TBX20,-0.3782,0.4935,-0.8717,0.0,0.0,Yes,0.8717
PHOX2A,0.3731,-0.4964,0.8695,0.0,0.0,Yes,0.8695
MEF2C,-0.4162,0.4508,-0.867,0.0,0.0,Yes,0.867
FOXO6,-0.3799,0.4842,-0.8641,0.0,0.0,Yes,0.8641
LYL1,-0.4463,0.4155,-0.8618,0.0,0.0,Yes,0.8618
HLX,-0.4087,0.4526,-0.8613,0.0,0.0,Yes,0.8613
HSF2,-0.3754,0.4841,-0.8596,0.0,0.0,Yes,0.8596
FOXG1,0.4325,-0.4256,0.8581,0.0,0.0,Yes,0.8581
BCL3,-0.4574,0.4,-0.8574,0.0,0.0,Yes,0.8574
PPARG,-0.3383,0.5174,-0.8558,0.0,0.0,Yes,0.8558
ZEB1,0.4318,-0.4217,0.8535,0.0,0.0,Yes,0.8535
SOX11,0.2868,-0.5655,0.8524,0.0,0.0,Yes,0.8524
KAT6B,-0.3091,0.5401,-0.8491,0.0,0.0,Yes,0.8491
ZBTB4,-0.3549,0.4923,-0.8472,0.0,0.0,Yes,0.8472
ZEB2,-0.3507,0.4952,-0.8459,0.0,0.0,Yes,0.8459
ARID1B,-0.3603,0.4814,-0.8417,0.0,0.0,Yes,0.8417
OVOL1,-0.4355,0.4058,-0.8413,0.0,0.0,Yes,0.8413
ELK4,-0.4142,0.4218,-0.8361,0.0,0.0,Yes,0.8361
PAX5,-0.3622,0.4713,-0.8336,0.0,0.0,Yes,0.8336
TBX2,0.4086,-0.4225,0.8311,0.0,0.0,Yes,0.8311
FOXP3,-0.3443,0.4856,-0.8299,0.0,0.0,Yes,0.8299
HOXD10,-0.3372,0.4906,-0.8278,0.0,0.0,Yes,0.8278
IRF5,-0.3601,0.4674,-0.8276,0.0,0.0,Yes,0.8276
POU3F2,-0.4049,0.4206,-0.8255,0.0,0.0,Yes,0.8255
ZFHX3,-0.3525,0.4726,-0.8251,0.0,0.0,Yes,0.8251
TWIST1,-0.4151,0.4096,-0.8248,0.0,0.0,Yes,0.8248
CDX2,-0.3776,0.4471,-0.8247,0.0,0.0,Yes,0.8247
SOX10,-0.3375,0.482,-0.8195,0.0,0.0,Yes,0.8195
TTF1,-0.349,0.4658,-0.8148,0.0,0.0,Yes,0.8148
APEX1,-0.3512,0.4611,-0.8123,0.0,0.0,Yes,0.8123
EBF3,-0.3467,0.4617,-0.8084,0.0,0.0,Yes,0.8084
HOPX,0.3656,-0.4427,0.8083,0.0,0.0,Yes,0.8083
SOX17,-0.3818,0.4249,-0.8066,0.0,0.0,Yes,0.8066
LITAF,-0.3258,0.4801,-0.806,0.0,0.0,Yes,0.806
MAFA,-0.3422,0.4623,-0.8046,0.0,0.0,Yes,0.8046
EP300,-0.3575,0.4466,-0.804,0.0,0.0,Yes,0.804
PREB,-0.3424,0.4556,-0.798,0.0,0.0,Yes,0.798
TBX5,-0.3696,0.4251,-0.7947,0.0,0.0,Yes,0.7947
HNF1B,-0.3328,0.4573,-0.79,0.0,0.0,Yes,0.79
NFE2L1,-0.332,0.458,-0.79,0.0,0.0,Yes,0.79
HOXA9,-0.3853,0.404,-0.7893,0.0,0.0,Yes,0.7893
ZNF331,-0.392,0.394,-0.786,0.0,0.0,Yes,0.786
YY1,-0.4316,0.3537,-0.7853,0.0,0.0,Yes,0.7853
FGF2,-0.3524,0.4308,-0.7832,0.0,0.0,Yes,0.7832
PAX1,-0.3803,0.402,-0.7823,0.0,0.0,Yes,0.7823
TBP,-0.3811,0.401,-0.7821,0.0,0.0,Yes,0.7821
ZNF335,-0.3109,0.4686,-0.7795,0.0,0.0,Yes,0.7795
ATOH7,0.3002,-0.4771,0.7773,0.0,0.0,Yes,0.7773
ZNF24,0.4021,-0.3741,0.7763,0.0,0.0,Yes,0.7763
FOXE1,-0.3723,0.4001,-0.7724,0.0,0.0,Yes,0.7724
HOXB3,0.3638,-0.3964,0.7602,0.0,0.0,Yes,0.7602
ELF5,-0.3266,0.4256,-0.7522,0.0,0.0,Yes,0.7522
PRDM4,-0.3917,0.3587,-0.7504,0.0,0.0,Yes,0.7504
FOXH1,-0.291,0.4565,-0.7475,0.0,0.0,Yes,0.7475
FOXQ1,-0.3262,0.4202,-0.7464,0.0,0.0,Yes,0.7464
HOXA5,-0.3674,0.3779,-0.7453,0.0,0.0,Yes,0.7453
TLX3,-0.3706,0.3729,-0.7435,0.0,0.0,Yes,0.7435
SOX5,-0.3168,0.4237,-0.7405,0.0,0.0,Yes,0.7405
CREB3L1,-0.2839,0.4544,-0.7383,0.0,0.0,Yes,0.7383
IKZF2,-0.3405,0.3975,-0.738,0.0,0.0,Yes,0.738
CREM,-0.3326,0.4044,-0.737,0.0,0.0,Yes,0.737
SMAD5,-0.3564,0.3714,-0.7278,0.0,0.0,Yes,0.7278
PDX1,-0.2715,0.4514,-0.7229,0.0,0.0,Yes,0.7229
NANOG,-0.3435,0.3783,-0.7217,0.0,0.0,Yes,0.7217
NR5A1,-0.315,0.4066,-0.7216,0.0,0.0,Yes,0.7216
CTBP1,0.3684,-0.3531,0.7215,0.0,0.0,Yes,0.7215
NKX2.2,-0.2914,0.4259,-0.7172,0.0,0.0,Yes,0.7172
HOXB4,-0.2854,0.431,-0.7164,0.0,0.0,Yes,0.7164
MECOM,-0.3199,0.3957,-0.7156,0.0,0.0,Yes,0.7156
NR0B2,-0.3485,0.367,-0.7156,0.0,0.0,Yes,0.7156
SRY,-0.3378,0.3765,-0.7143,0.0,0.0,Yes,0.7143
ERF,-0.3337,0.3803,-0.714,0.0,0.0,Yes,0.714
HIC1,-0.321,0.393,-0.7139,0.0,0.0,Yes,0.7139
TCF20,-0.3023,0.4103,-0.7126,0.0,0.0,Yes,0.7126
PAX9,-0.3035,0.4078,-0.7113,0.0,0.0,Yes,0.7113
NHLH2,0.3464,-0.3621,0.7084,0.0,0.0,Yes,0.7084
NR2F1,-0.3788,0.3284,-0.7072,0.0,0.0,Yes,0.7072
FEV,0.3021,-0.398,0.7001,0.0,0.0,Yes,0.7001
ZNF148,-0.2789,0.4188,-0.6976,0.0,0.0,Yes,0.6976
NHLH1,-0.2759,0.4167,-0.6927,0.0,0.0,Yes,0.6927
PHOX2B,0.2529,-0.4363,0.6892,0.0,0.0,Yes,0.6892
NR1I3,-0.3047,0.3812,-0.6858,0.0,0.0,Yes,0.6858
NKRF,-0.2754,0.4073,-0.6827,0.0,0.0,Yes,0.6827
HLF,-0.3123,0.3701,-0.6824,0.0,0.0,Yes,0.6824
SIN3A,-0.2987,0.3826,-0.6813,0.0,0.0,Yes,0.6813
ZGPAT,-0.2561,0.4242,-0.6803,0.0,0.0,Yes,0.6803
DNMT3B,-0.2933,0.3863,-0.6796,0.0,0.0,Yes,0.6796
MXI1,0.3183,-0.3605,0.6787,0.0,0.0,Yes,0.6787
RREB1,0.3316,-0.3468,0.6784,0.0,0.0,Yes,0.6784
KDM5B,-0.2779,0.3989,-0.6768,0.0,0.0,Yes,0.6768
NCOR2,-0.3445,0.3322,-0.6768,0.0,0.0,Yes,0.6768
RUNX3,-0.3529,0.3234,-0.6763,0.0,0.0,Yes,0.6763
ATOH1,0.3334,-0.3412,0.6746,0.0,0.0,Yes,0.6746
HDAC4,-0.3294,0.3403,-0.6697,0.0,0.0,Yes,0.6697
NOTO,-0.2944,0.3708,-0.6652,0.0,0.0,Yes,0.6652
SMARCA4,-0.3052,0.3598,-0.665,0.0,0.0,Yes,0.665
MAZ,-0.3103,0.3543,-0.6646,0.0,0.0,Yes,0.6646
AHRR,0.2897,-0.3742,0.6639,0.0,0.0,Yes,0.6639
HOXB6,-0.3238,0.3395,-0.6633,0.0,0.0,Yes,0.6633
YAP1,-0.3549,0.3019,-0.6568,0.0,0.0,Yes,0.6568
KAT5,-0.3364,0.3189,-0.6553,0.0,0.0,Yes,0.6553
DLX3,-0.3346,0.3175,-0.6521,0.0,0.0,Yes,0.6521
SREBF1,-0.2805,0.3715,-0.6519,0.0,0.0,Yes,0.6519
JARID2,-0.3095,0.3402,-0.6497,0.0,0.0,Yes,0.6497
LEF1,-0.3261,0.3237,-0.6497,0.0,0.0,Yes,0.6497
HOXA7,-0.365,0.2845,-0.6495,0.0,0.0,Yes,0.6495
BMAL1,-0.2906,0.358,-0.6486,0.0,0.0,Yes,0.6486
EWSR1,-0.3518,0.2959,-0.6478,0.0,0.0,Yes,0.6478
LHX2,-0.2587,0.388,-0.6468,0.0,0.0,Yes,0.6468
FOXP2,-0.2948,0.3471,-0.6419,1e-06,1e-06,Yes,0.6419
ID1,-0.3081,0.3311,-0.6392,0.0,0.0,Yes,0.6392
E2F1,0.2471,-0.391,0.6381,0.0,0.0,Yes,0.6381
HOXB7,-0.3053,0.329,-0.6344,0.0,0.0,Yes,0.6344
RLF,-0.307,0.3249,-0.6319,0.0,0.0,Yes,0.6319
E2F2,0.2728,-0.3572,0.63,0.0,0.0,Yes,0.63
IKZF1,-0.2182,0.4116,-0.6297,0.0,0.0,Yes,0.6297
BCL11A,-0.2974,0.3316,-0.629,0.0,0.0,Yes,0.629
HOXB9,-0.2439,0.3817,-0.6256,0.0,0.0,Yes,0.6256
RORC,-0.2278,0.3961,-0.6239,0.0,0.0,Yes,0.6239
OLIG1,-0.2528,0.3709,-0.6238,0.0,0.0,Yes,0.6238
FOSL1,-0.2684,0.3518,-0.6202,0.0,0.0,Yes,0.6202
E2F3,0.2604,-0.3591,0.6195,0.0,0.0,Yes,0.6195
TFEB,-0.2126,0.4047,-0.6173,1e-06,1e-06,Yes,0.6173
TRIM28,-0.2808,0.3345,-0.6152,0.0,0.0,Yes,0.6152
E4F1,-0.2757,0.3392,-0.6149,0.0,0.0,Yes,0.6149
TCF7L1,0.256,-0.3541,0.6101,0.0,0.0,Yes,0.6101
FOSL2,-0.3406,0.2687,-0.6094,0.0,0.0,Yes,0.6094
SIX3,-0.2305,0.3785,-0.6091,1e-06,1e-06,Yes,0.6091
MTF2,0.2493,-0.3555,0.6048,0.0,0.0,Yes,0.6048
TSHZ3,0.2762,-0.3282,0.6044,0.0,0.0,Yes,0.6044
NFATC4,-0.3099,0.2909,-0.6007,0.0,1e-06,Yes,0.6007
ZBTB14,-0.2698,0.3302,-0.6,0.0,0.0,Yes,0.6
PML,0.2935,-0.3064,0.5998,0.0,0.0,Yes,0.5998
TGIF1,-0.271,0.327,-0.598,0.0,0.0,Yes,0.598
PRDM2,-0.2633,0.3325,-0.5958,0.0,0.0,Yes,0.5958
IKZF4,-0.2537,0.3388,-0.5925,0.0,0.0,Yes,0.5925
NRL,-0.2497,0.3419,-0.5916,0.0,0.0,Yes,0.5916
NKX3.1,-0.2486,0.3424,-0.591,1e-06,1e-06,Yes,0.591
SIM2,0.2937,-0.2961,0.5898,0.0,0.0,Yes,0.5898
ZNF143,0.2768,-0.3108,0.5876,0.0,0.0,Yes,0.5876
ZNF410,-0.245,0.3422,-0.5872,0.0,0.0,Yes,0.5872
POU5F1,0.2244,-0.3614,0.5857,1e-06,2e-06,Yes,0.5857
SOX4,-0.2831,0.2914,-0.5745,1e-06,1e-06,Yes,0.5745
ELK3,-0.2158,0.3583,-0.574,0.0,0.0,Yes,0.574
ARID5B,-0.2613,0.3111,-0.5724,0.0,0.0,Yes,0.5724
EZH2,-0.2834,0.2864,-0.5698,1e-06,2e-06,Yes,0.5698
BARX2,-0.2811,0.2884,-0.5695,0.0,0.0,Yes,0.5695
ZNF804A,0.2162,-0.3531,0.5693,0.0,0.0,Yes,0.5693
TCF15,-0.2317,0.3372,-0.5689,6e-06,8e-06,Yes,0.5689
HDAC5,0.1953,-0.3683,0.5636,0.0,0.0,Yes,0.5636
THRB,-0.2113,0.3516,-0.5629,1.1e-05,1.6e-05,Yes,0.5629
ZBTB7A,-0.2434,0.3174,-0.5608,1e-06,1e-06,Yes,0.5608
PROX1,-0.2768,0.2833,-0.56,1.3e-05,1.9e-05,Yes,0.56
NR2F6,0.2181,-0.3377,0.5558,0.0,1e-06,Yes,0.5558
TAF1,-0.313,0.2421,-0.5552,2e-06,2e-06,Yes,0.5552
SMARCA1,-0.2948,0.2603,-0.5551,1e-05,1.5e-05,Yes,0.5551
NR4A1,-0.2844,0.2677,-0.5522,0.0,0.0,Yes,0.5522
NEUROG2,-0.2953,0.2563,-0.5516,1e-06,1e-06,Yes,0.5516
PROP1,-0.2427,0.3089,-0.5515,2e-06,3e-06,Yes,0.5515
SMARCA5,0.2188,-0.3302,0.549,0.0,0.0,Yes,0.549
HOXD1,-0.2359,0.312,-0.5479,0.0,1e-06,Yes,0.5479
PPARGC1A,-0.1837,0.3631,-0.5468,7e-06,1e-05,Yes,0.5468
ESRRG,-0.2283,0.318,-0.5463,5e-06,7e-06,Yes,0.5463
ABL1,-0.2406,0.3054,-0.546,3e-06,4e-06,Yes,0.546
SP4,-0.2278,0.3152,-0.543,6e-06,9e-06,Yes,0.543
HOXA13,-0.291,0.2498,-0.5408,2e-06,3e-06,Yes,0.5408
ASCL1,-0.3191,0.2216,-0.5407,3e-06,5e-06,Yes,0.5407
RORB,0.2802,-0.2588,0.539,1e-06,2e-06,Yes,0.539
CREBBP,-0.2825,0.2559,-0.5384,1e-06,1e-06,Yes,0.5384
SFPQ,-0.2909,0.2369,-0.5278,6e-06,8e-06,Yes,0.5278
NEUROD2,0.2357,-0.2913,0.527,1e-06,2e-06,Yes,0.527
BCLAF1,0.1945,-0.3317,0.5262,9e-06,1.3e-05,Yes,0.5262
NKX3.2,-0.2861,0.2364,-0.5225,6e-06,9e-06,Yes,0.5225
PA2G4,0.2596,-0.2593,0.5188,3e-06,5e-06,Yes,0.5188
HNF4G,-0.1993,0.3181,-0.5174,5.9e-05,8.4e-05,Yes,0.5174
BHLHA15,-0.2338,0.2795,-0.5132,3.2e-05,4.7e-05,Yes,0.5132
LHX3,-0.2276,0.2855,-0.5131,3.6e-05,5.2e-05,Yes,0.5131
HOXD13,-0.2959,0.2163,-0.5122,6e-06,9e-06,Yes,0.5122
PARK7,-0.2341,0.2781,-0.5122,6e-06,9e-06,Yes,0.5122
UTF1,0.2731,-0.2376,0.5108,1.2e-05,1.7e-05,Yes,0.5108
VHL,-0.3219,0.1884,-0.5103,1.2e-05,1.8e-05,Yes,0.5103
BRCA1,-0.2567,0.2506,-0.5074,7e-06,1e-05,Yes,0.5074
ZNF395,-0.1955,0.2989,-0.4945,4e-06,7e-06,Yes,0.4945
RXRG,-0.2235,0.271,-0.4945,3.3e-05,4.7e-05,Yes,0.4945
FHL2,-0.2146,0.2796,-0.4942,1.8e-05,2.6e-05,Yes,0.4942
ZIC2,-0.1948,0.2994,-0.4942,1.5e-05,2.2e-05,Yes,0.4942
THRA,-0.2276,0.2615,-0.4891,4.7e-05,6.6e-05,Yes,0.4891
TSC22D1,-0.2493,0.2374,-0.4868,5.2e-05,7.4e-05,Yes,0.4868
NRF1,-0.164,0.3197,-0.4837,0.000179,0.000245,Yes,0.4837
FOXP1,-0.2327,0.2507,-0.4834,7e-06,1e-05,Yes,0.4834
ATF5,-0.1786,0.3042,-0.4828,6.3e-05,8.9e-05,Yes,0.4828
MTA1,-0.2436,0.2382,-0.4818,3.5e-05,5.1e-05,Yes,0.4818
SALL4,-0.2538,0.2255,-0.4794,3.7e-05,5.3e-05,Yes,0.4794
TBX3,0.1838,-0.2931,0.477,7.7e-05,0.000108,Yes,0.477
NCOA3,-0.225,0.2501,-0.4752,6.4e-05,9e-05,Yes,0.4752
MXD1,-0.2098,0.2652,-0.475,2e-06,3e-06,Yes,0.475
HNF1A,-0.1827,0.2915,-0.4742,0.000253,0.000342,Yes,0.4742
NR4A2,0.1748,-0.2984,0.4732,4.2e-05,5.9e-05,Yes,0.4732
SMARCC1,0.1469,-0.3249,0.4718,1.3e-05,1.9e-05,Yes,0.4718
HMGB2,0.203,-0.261,0.464,1e-05,1.4e-05,Yes,0.464
FOXA1,0.2349,-0.2286,0.4634,1e-06,1e-06,Yes,0.4634
NFIB,-0.1772,0.2806,-0.4578,0.000116,0.00016,Yes,0.4578
NPAS2,-0.2353,0.2225,-0.4578,6.9e-05,9.7e-05,Yes,0.4578
MEIS2,0.1736,-0.2839,0.4575,2.2e-05,3.1e-05,Yes,0.4575
SMAD6,-0.1911,0.263,-0.4541,6.3e-05,8.9e-05,Yes,0.4541
EGR4,-0.1131,0.336,-0.449,0.000177,0.000243,Yes,0.449
RFX3,0.1897,-0.2577,0.4474,6.4e-05,9e-05,Yes,0.4474
KDM2A,0.1341,-0.3105,0.4446,6.8e-05,9.6e-05,Yes,0.4446
DEAF1,-0.1888,0.2555,-0.4443,9.1e-05,0.000126,Yes,0.4443
CREBZF,0.2137,-0.2298,0.4435,3.8e-05,5.4e-05,Yes,0.4435
GRHL2,-0.2202,0.2225,-0.4427,0.000516,0.000685,Yes,0.4427
SIRT1,-0.1867,0.2556,-0.4423,0.000281,0.00038,Yes,0.4423
HOXC8,0.2584,-0.1781,0.4365,4.2e-05,6e-05,Yes,0.4365
MNX1,-0.2366,0.1962,-0.4328,0.000211,0.000288,Yes,0.4328
REST,-0.1622,0.2694,-0.4316,0.000108,0.000149,Yes,0.4316
TBX1,-0.1471,0.2831,-0.4301,0.000229,0.000313,Yes,0.4301
FOXA3,-0.1838,0.2463,-0.4301,0.001054,0.00137,Yes,0.4301
VENTX,-0.2074,0.218,-0.4255,0.000243,0.00033,Yes,0.4255
ZFPM1,-0.1461,0.2787,-0.4249,3.3e-05,4.7e-05,Yes,0.4249
PIAS1,-0.2221,0.2015,-0.4237,5.6e-05,7.9e-05,Yes,0.4237
SREBF2,-0.2191,0.2042,-0.4233,0.00239,0.00303,Yes,0.4233
MEIS1,0.152,-0.2708,0.4228,0.000154,0.000212,Yes,0.4228
TFDP3,-0.1821,0.2404,-0.4225,0.0002,0.000275,Yes,0.4225
ZNF423,-0.2499,0.1707,-0.4206,0.000442,0.00059,Yes,0.4206
POU2AF1,-0.1651,0.2552,-0.4203,8.8e-05,0.000123,Yes,0.4203
PAX4,0.1576,-0.2601,0.4177,0.000291,0.000392,Yes,0.4177
MED1,-0.233,0.1824,-0.4155,0.000325,0.000437,Yes,0.4155
STOX1,0.1973,-0.2138,0.4111,0.000232,0.000317,Yes,0.4111
SIX1,-0.1899,0.2188,-0.4086,0.001197,0.001549,Yes,0.4086
LMX1A,-0.2161,0.1876,-0.4037,0.000406,0.000543,Yes,0.4037
HOXA10,-0.1138,0.2889,-0.4027,9.3e-05,0.00013,Yes,0.4027
ESRRB,-0.1868,0.2074,-0.3942,0.001401,0.001788,Yes,0.3942
MYF6,-0.1427,0.251,-0.3937,0.000357,0.000479,Yes,0.3937
NEUROG1,0.1245,-0.2642,0.3887,0.001574,0.002005,Yes,0.3887
EMX2,-0.1097,0.2785,-0.3883,0.000243,0.00033,Yes,0.3883
NONO,-0.1853,0.2028,-0.3881,0.000484,0.000643,Yes,0.3881
NCOR1,0.1854,-0.2007,0.3861,0.000254,0.000343,Yes,0.3861
BRD4,-0.1696,0.212,-0.3816,0.00033,0.000442,Yes,0.3816
NEUROD1,-0.1405,0.2397,-0.3802,0.000781,0.001029,Yes,0.3802
NPM1,0.1475,-0.231,0.3785,0.000817,0.001075,Yes,0.3785
HOXA11,-0.2505,0.1278,-0.3783,0.003223,0.004059,Yes,0.3783
ETV3,0.1478,-0.2289,0.3766,0.008309,0.010163,Yes,0.3766
ESRRA,-0.1312,0.2406,-0.3718,0.000723,0.000954,Yes,0.3718
ARID3A,0.1658,-0.2022,0.368,0.000926,0.001213,Yes,0.368
POU3F4,0.2122,-0.1543,0.3666,0.001789,0.002272,Yes,0.3666
HEY1,-0.19,0.1764,-0.3664,0.000706,0.000935,Yes,0.3664
CREB5,-0.1308,0.2346,-0.3654,0.000109,0.000151,Yes,0.3654
SALL1,-0.1497,0.2155,-0.3652,0.002585,0.003267,Yes,0.3652
NR6A1,0.1339,-0.23,0.364,0.000843,0.001107,Yes,0.364
KDM5C,-0.2111,0.1528,-0.3639,0.000922,0.001209,Yes,0.3639
MLXIPL,-0.1764,0.1869,-0.3633,0.001004,0.001309,Yes,0.3633
HSF4,0.1964,-0.165,0.3614,0.001341,0.001721,Yes,0.3614
ZNF436,0.2252,-0.1357,0.3609,0.001251,0.00161,Yes,0.3609
HAND1,0.2236,-0.1353,0.3589,0.00245,0.003101,Yes,0.3589
KLF8,-0.1937,0.1626,-0.3563,0.001353,0.001733,Yes,0.3563
GBX2,-0.1449,0.2096,-0.3544,0.001383,0.001768,Yes,0.3544
TFDP2,0.1065,-0.248,0.3544,0.001141,0.001478,Yes,0.3544
ZBTB38,-0.1872,0.1657,-0.3529,0.001262,0.001622,Yes,0.3529
POU2F3,-0.1655,0.1798,-0.3453,0.001707,0.002172,Yes,0.3453
FOXD3,-0.1223,0.2176,-0.3399,0.010341,0.012507,Yes,0.3399
FEZF2,-0.1441,0.1942,-0.3383,0.000453,0.000603,Yes,0.3383
FOXI1,-0.1236,0.2064,-0.33,0.000639,0.000847,Yes,0.33
ENO1,0.1778,-0.1523,0.33,0.001203,0.001551,Yes,0.33
NR2E1,0.2004,-0.1294,0.3298,0.001068,0.001386,Yes,0.3298
PAX2,-0.1183,0.2092,-0.3274,0.000296,0.000399,Yes,0.3274
SKIL,-0.1696,0.1577,-0.3273,0.003536,0.004446,Yes,0.3273
PEG3,-0.129,0.1976,-0.3266,0.004592,0.005765,Yes,0.3266
NR2C1,-0.1598,0.1664,-0.3262,0.008339,0.010184,Yes,0.3262
NUPR1,0.1254,-0.2,0.3253,0.005837,0.007267,Yes,0.3253
PHF5A,-0.1364,0.1882,-0.3246,0.007744,0.009518,Yes,0.3246
BCOR,0.214,-0.1091,0.3232,0.001203,0.001551,Yes,0.3232
CHD4,-0.1238,0.1962,-0.32,0.007323,0.00903,Yes,0.32
RORA,-0.1374,0.1801,-0.3176,0.009584,0.01161,Yes,0.3176
PTF1A,0.213,-0.1035,0.3165,0.000973,0.001271,Yes,0.3165
NCOA6,-0.1633,0.1513,-0.3146,0.002984,0.003764,Yes,0.3146
SHOX2,-0.1408,0.1699,-0.3106,0.006617,0.008212,Yes,0.3106
RCOR2,-0.1781,0.1324,-0.3105,0.006768,0.008386,Yes,0.3105
SMARCB1,0.1901,-0.1186,0.3087,0.01131,0.013594,Yes,0.3087
MLXIP,-0.0437,0.2644,-0.3082,0.01127,0.013567,Yes,0.3082
PAX8,-0.1553,0.1419,-0.2972,0.006923,0.008564,Yes,0.2972
FOXN4,-0.1336,0.1625,-0.2961,0.012758,0.01531,Yes,0.2961
TCF4,-0.1757,0.1183,-0.294,0.006567,0.008163,Yes,0.294
ZNF160,0.1588,-0.1345,0.2934,0.015186,0.018081,Yes,0.2934
KDM5A,0.0367,-0.2541,0.2908,0.008463,0.010318,Yes,0.2908
PLAGL2,0.0935,-0.1967,0.2902,0.021286,0.025305,Yes,0.2902
TLX1,-0.0423,0.2463,-0.2886,0.014569,0.0174,Yes,0.2886
MNT,-0.1084,0.1773,-0.2857,0.028141,0.033143,Yes,0.2857
POU4F3,0.0764,-0.2086,0.285,0.005062,0.006323,Yes,0.285
BCL11B,-0.1525,0.1324,-0.2849,0.01123,0.01354,Yes,0.2849
HOXC6,0.0775,-0.2018,0.2793,0.008652,0.010515,Yes,0.2793
ZHX2,-0.1413,0.1379,-0.2792,0.004964,0.006212,Yes,0.2792
KLF1,-0.0774,0.1958,-0.2732,0.00485,0.006078,Yes,0.2732
SRSF2,0.0847,-0.1868,0.2716,0.007545,0.009288,Yes,0.2716
TRPS1,0.0242,-0.247,0.2712,0.010378,0.012532,Yes,0.2712
NKX6.3,0.1752,-0.0952,0.2705,0.039135,0.045598,Yes,0.2705
DLX2,-0.0755,0.194,-0.2694,0.012848,0.015394,Yes,0.2694
OTX2,-0.0452,0.2236,-0.2688,0.00786,0.009645,Yes,0.2688
PATZ1,-0.1405,0.128,-0.2686,0.01303,0.015587,Yes,0.2686
HOXC13,-0.1699,0.0961,-0.266,0.001008,0.001313,Yes,0.266
SUPT20H,0.1617,-0.1037,0.2654,0.006949,0.008582,Yes,0.2654
KLF17,0.1604,-0.104,0.2644,0.0513,0.059408,No,0.2644
SP2,0.1223,-0.1383,0.2607,0.008684,0.010537,Yes,0.2607
ZNF217,-0.1235,0.1308,-0.2543,0.106296,0.118417,No,0.2543
HES5,0.1908,-0.0627,0.2535,0.008526,0.010378,Yes,0.2535
E2F7,-0.1158,0.1347,-0.2505,0.005261,0.006562,Yes,0.2505
ZFP64,-0.1524,0.0979,-0.2503,0.008157,0.009993,Yes,0.2503
YBX3,-0.0576,0.1894,-0.247,0.065744,0.075561,No,0.247
BACH1,0.1378,-0.1089,0.2467,0.022146,0.026285,Yes,0.2467
SETBP1,0.0867,-0.154,0.2407,0.034087,0.039838,Yes,0.2407
KMT2B,0.0825,-0.1578,0.2403,0.030749,0.036103,Yes,0.2403
MZF1,-0.1674,0.0688,-0.2362,0.050117,0.058126,No,0.2362
SALL2,0.0601,-0.1736,0.2337,0.022292,0.026417,Yes,0.2337
GFI1,-0.0976,0.1358,-0.2334,0.02942,0.034596,Yes,0.2334
SATB2,0.0897,-0.1422,0.2319,0.06094,0.070252,No,0.2319
NR1D2,-0.1625,0.0659,-0.2284,0.025232,0.029762,Yes,0.2284
ZNF76,-0.0419,0.1844,-0.2262,0.069117,0.079318,No,0.2262
ZNF236,-0.0737,0.1484,-0.2221,0.070466,0.080745,No,0.2221
VEZF1,-0.1157,0.1046,-0.2203,0.101249,0.113458,No,0.2203
PITX1,0.0759,-0.1443,0.2202,0.045206,0.05259,No,0.2202
TFDP1,0.0661,-0.1537,0.2198,0.02515,0.029712,Yes,0.2198
EN1,-0.1447,0.0745,-0.2192,0.030943,0.036275,Yes,0.2192
FEZF1,0.1308,-0.0879,0.2187,0.014619,0.017433,Yes,0.2187
ZBED1,-0.0902,0.128,-0.2182,0.143603,0.159049,No,0.2182
GCM1,-0.0771,0.1396,-0.2167,0.105755,0.117988,No,0.2167
ASXL1,-0.0471,0.1692,-0.2164,0.024988,0.029567,Yes,0.2164
SIX4,0.1114,-0.1048,0.2162,0.035376,0.041281,Yes,0.2162
TBX15,-0.1672,0.0477,-0.2148,0.102033,0.114001,No,0.2148
MYBL2,0.0612,-0.1521,0.2133,0.090531,0.1022,No,0.2133
FOXD1,-0.1262,0.0861,-0.2123,0.055627,0.064321,No,0.2123
E2F5,0.0809,-0.1261,0.207,0.059236,0.068391,No,0.207
KLF11,-0.089,0.1176,-0.2066,0.033563,0.039285,Yes,0.2066
MESP2,0.1655,-0.0404,0.2059,0.101771,0.113876,No,0.2059
KAT2B,0.0646,-0.1408,0.2054,0.092938,0.104607,No,0.2054
SPDEF,0.0752,-0.1254,0.2006,0.074645,0.085021,No,0.2006
HIVEP1,-0.084,0.1136,-0.1976,0.112104,0.124705,No,0.1976
POU3F1,-0.0985,0.0987,-0.1973,0.092695,0.104488,No,0.1973
RFX2,-0.0857,0.1074,-0.1931,0.121432,0.134689,No,0.1931
OLIG2,0.0699,-0.1223,0.1923,0.07263,0.0831,No,0.1923
NFIX,0.1178,-0.0743,0.1921,0.099438,0.111593,No,0.1921
ZBTB17,0.0556,-0.133,0.1886,0.121132,0.134551,No,0.1886
GLIS3,-0.0445,0.1427,-0.1872,0.084506,0.095967,No,0.1872
ZGLP1,-0.0103,0.1768,-0.1871,0.088408,0.099951,No,0.1871
FOXJ1,-0.1356,0.0465,-0.1821,0.19064,0.208419,No,0.1821
INSM1,-0.0665,0.1143,-0.1809,0.181076,0.198532,No,0.1809
SOX3,-0.1046,0.072,-0.1766,0.163024,0.180035,No,0.1766
ZIC1,0.0945,-0.0783,0.1729,0.07283,0.083203,No,0.1729
ZNF350,0.0727,-0.0987,0.1714,0.087477,0.099045,No,0.1714
LMO4,-0.0393,0.1282,-0.1676,0.094407,0.106104,No,0.1676
KCNIP3,0.0274,-0.1399,0.1673,0.045475,0.052823,No,0.1673
NKX6.1,0.0748,-0.0919,0.1668,0.228245,0.2474,No,0.1668
LRRFIP1,0.1487,-0.0167,0.1653,0.205005,0.223802,No,0.1653
KLF12,-0.1363,0.0269,-0.1632,0.284131,0.306668,No,0.1632
ZNF219,-0.1153,0.0446,-0.1598,0.233109,0.252314,No,0.1598
PIN1,-0.0358,0.1235,-0.1593,0.158545,0.175343,No,0.1593
NEUROD6,-0.0478,0.1077,-0.1556,0.086325,0.097886,No,0.1556
DMRT1,-0.0706,0.0804,-0.151,0.176229,0.193497,No,0.151
DMAP1,-0.0756,0.0747,-0.1503,0.074036,0.084454,No,0.1503
CTCFL,-0.0528,0.0946,-0.1474,0.210419,0.229384,No,0.1474
MYT1,0.1628,0.0172,0.1456,0.173447,0.190993,No,0.1456
POU4F2,0.0975,-0.0436,0.1411,0.220612,0.239468,No,0.1411
MYCN,-0.0854,0.0545,-0.1399,0.174636,0.192024,No,0.1399
NR0B1,0.0647,-0.0749,0.1396,0.061286,0.070543,No,0.1396
NR5A2,-0.0855,0.052,-0.1375,0.60946,0.634438,No,0.1375
HOXB13,-0.0077,0.1278,-0.1355,0.215936,0.234727,No,0.1355
HOXD4,0.0966,-0.0388,0.1354,0.262775,0.284021,No,0.1354
POU1F1,-0.0164,0.1183,-0.1347,0.34669,0.369997,No,0.1347
KLF7,0.0501,-0.0841,0.1342,0.351194,0.373757,No,0.1342
SNAI2,0.0809,-0.0499,0.1308,0.324723,0.348506,No,0.1308
HINFP,-0.069,0.0615,-0.1304,0.213625,0.232546,No,0.1304
DLX1,-0.0441,0.0856,-0.1297,0.311988,0.335784,No,0.1297
TOX,0.1231,0.0035,0.1196,0.328423,0.350994,No,0.1196
CREB3L3,-0.0178,0.1009,-0.1187,0.971569,0.974126,No,0.1187
FOXL2,-0.0564,0.0551,-0.1115,0.171872,0.189532,No,0.1115
KMT2A,-0.085,0.0259,-0.111,0.44893,0.473801,No,0.111
ZBTB33,-0.0235,0.0825,-0.106,0.36958,0.391683,No,0.106
TLX2,-0.0399,0.0661,-0.106,0.481789,0.507077,No,0.106
MEOX2,-0.0732,0.0324,-0.1056,0.365591,0.388536,No,0.1056
GATA5,0.0878,-0.0145,0.1023,0.484911,0.509659,No,0.1023
MSX1,0.0103,-0.0913,0.1016,0.438512,0.463448,No,0.1016
ISL1,0.0898,-0.0095,0.0993,0.327805,0.350825,No,0.0993
MTA2,-0.0389,0.0566,-0.0955,0.303096,0.326675,No,0.0955
MLX,-0.0086,0.0831,-0.0917,0.349259,0.372217,No,0.0917
IRX1,0.0198,-0.0712,0.091,0.583444,0.608187,No,0.091
NEUROG3,-0.0295,0.0597,-0.0891,0.325953,0.349334,No,0.0891
SF1,0.0133,-0.073,0.0863,0.188951,0.206868,No,0.0863
THAP11,-0.03,0.0516,-0.0816,0.541274,0.566553,No,0.0816
NFE2,-0.0138,0.0639,-0.0777,0.366254,0.388698,No,0.0777
MBD2,-0.0188,0.0568,-0.0756,0.640446,0.665784,No,0.0756
TBX6,0.0543,-0.0178,0.072,0.702432,0.722339,No,0.072
HOXB1,-0.0029,0.0683,-0.0712,0.671159,0.692986,No,0.0712
BHLHE40,-0.0619,0.0082,-0.0701,0.318617,0.342435,No,0.0701
CRX,0.04,-0.0299,0.0699,0.547918,0.572721,No,0.0699
BHLHE41,0.06,-0.0095,0.0695,0.654827,0.678881,No,0.0695
ZBTB32,-0.0532,0.0157,-0.0689,0.896028,0.903139,No,0.0689
MYC,-0.044,0.0211,-0.0651,0.481789,0.507077,No,0.0651
POU4F1,-0.0443,-0.1075,0.0633,0.416663,0.440968,No,0.0633
PPARGC1B,-0.0122,0.0504,-0.0626,0.945663,0.950653,No,0.0626
LHX4,-0.0282,0.0311,-0.0593,0.963594,0.967402,No,0.0593
SMAD7,0.0386,0.0951,-0.0565,0.577449,0.602762,No,0.0565
IKZF3,-0.0114,-0.0668,0.0554,0.694102,0.715705,No,0.0554
ONECUT1,0.0144,0.0675,-0.0532,0.081618,0.092825,No,0.0532
MYBL1,0.0029,-0.0468,0.0496,0.74271,0.760679,No,0.0496
TBPL1,-0.0375,0.0116,-0.0492,0.756935,0.77317,No,0.0492
SON,0.045,-0.0041,0.049,0.719199,0.738584,No,0.049
TBPL2,0.0013,-0.0462,0.0475,0.541274,0.566553,No,0.0475
ZKSCAN7,0.0325,-0.0143,0.0467,0.668426,0.6911,No,0.0467
DNMT3A,0.0136,-0.0296,0.0432,0.867412,0.876615,No,0.0432
PRDM1,-0.0011,0.0382,-0.0393,0.852676,0.86386,No,0.0393
TADA2A,-0.049,-0.0103,-0.0387,0.702432,0.722339,No,0.0387
ING4,-0.0233,-0.0617,0.0385,0.787552,0.803366,No,0.0385
HEY2,-0.0509,-0.0166,-0.0343,0.816558,0.83073,No,0.0343
IRX4,0.0328,0.066,-0.0332,0.755984,0.77317,No,0.0332
TFAP2D,0.0225,0.0518,-0.0292,0.853657,0.86386,No,0.0292
ARID4A,0.0302,0.059,-0.0288,0.812675,0.827885,No,0.0288
GTF2IRD1,-0.0548,-0.0317,-0.0231,0.661159,0.684515,No,0.0231
MBD1,-0.035,-0.015,-0.0201,0.644029,0.668596,No,0.0201
MAFK,0.0222,0.0377,-0.0155,0.82239,0.835549,No,0.0155
KLF13,0.0022,0.015,-0.0127,0.979548,0.980835,No,0.0127
HESX1,0.0484,0.0608,-0.0124,0.938697,0.944897,No,0.0124
FOXF2,0.0418,0.031,0.0108,0.729513,0.748168,No,0.0108
SALL3,0.0116,0.0184,-0.0068,0.853657,0.86386,No,0.0068
TBR1,-0.0683,-0.0634,-0.0049,0.540446,0.566553,No,0.0049
MTA3,-0.0324,-0.0353,0.0029,0.873319,0.881416,No,0.0029
CTBP2,0.041,0.0408,0.0002,0.983538,0.983538,No,0.0002
