gene,median_score,EFS_HR,EFS_p_value,OS_HR,OS_p_value,EFS_q_value,OS_q_value,EFS_significant,OS_significant,both_significant
E2F3,-0.0735,6.4679,1.77e-21,8.3994,2.39e-16,7.78e-19,3.41e-14,Yes,Yes,Yes
HIVEP2,0.0815,0.1514,2.18e-21,0.087,1.51e-18,7.78e-19,9.19e-16,Yes,Yes,Yes
E2F1,0.0671,6.1197,9.63e-21,8.2402,4.75e-16,2.29e-18,4.21e-14,Yes,Yes,Yes
ZBTB4,0.0672,0.1766,1.02e-19,0.0965,5.36e-18,1.83e-17,1.28e-15,Yes,Yes,Yes
MYBL2,0.077,5.3854,5.53e-19,7.1136,3.77e-15,7.9e-17,2.24e-13,Yes,Yes,Yes
DNMT1,-0.062,5.0922,5.85e-18,8.6715,5.77e-17,6.96e-16,1.03e-14,Yes,Yes,Yes
FOXM1,0.0853,4.9978,1.35e-17,8.2542,4.51e-16,1.38e-15,4.21e-14,Yes,Yes,Yes
ESRRA,-0.0458,4.7476,1.1e-16,6.754,7.33e-15,9.83e-15,3.49e-13,Yes,Yes,Yes
NONO,-0.0664,4.4483,7.22e-16,9.8653,2.57e-18,5.73e-14,9.19e-16,Yes,Yes,Yes
CEBPG,-0.0625,4.251,3.84e-15,5.7422,2.46e-13,2.74e-13,9.76e-12,Yes,Yes,Yes
THRA,0.03,0.2435,1.08e-14,0.1636,8.01e-14,6.88e-13,3.36e-12,Yes,Yes,Yes
E2F7,0.1269,4.0478,1.16e-14,4.6749,2.45e-11,6.88e-13,6.49e-10,Yes,Yes,Yes
SSRP1,-0.102,4.1406,1.31e-14,7.0974,4.84e-15,7.2e-13,2.47e-13,Yes,Yes,Yes
HMGB2,0.0256,4.0577,1.72e-14,4.353,2.42e-10,7.69e-13,4.67e-09,Yes,Yes,Yes
FOXP1,0.181,0.2339,1.71e-14,0.1095,1.07e-15,7.69e-13,7.62e-14,Yes,Yes,Yes
ING4,0.0948,0.2395,1.52e-14,0.1754,1.07e-12,7.69e-13,3.32e-11,Yes,Yes,Yes
MTA2,-0.1166,4.0055,3.86e-14,6.9983,1.65e-15,1.62e-12,1.07e-13,Yes,Yes,Yes
ATF5,-0.2459,4.0035,5.95e-14,5.8156,4.77e-13,2.36e-12,1.7e-11,Yes,Yes,Yes
DAXX,-0.1223,3.8159,9.11e-14,7.1703,5.3e-16,3.42e-12,4.21e-14,Yes,Yes,Yes
KLF12,0.0756,0.2614,2.84e-13,0.2359,5.7e-10,9.64e-12,9.68e-09,Yes,Yes,Yes
TRIM28,-0.0934,3.7063,2.73e-13,4.6828,4.44e-11,9.64e-12,1.13e-09,Yes,Yes,Yes
THAP11,-0.0532,3.7515,4.26e-13,8.2905,3.56e-16,1.38e-11,4.21e-14,Yes,Yes,Yes
ELK1,0.0489,3.6239,5.86e-13,6.0525,3.09e-14,1.82e-11,1.38e-12,Yes,Yes,Yes
ZEB2,0.0528,0.2716,1.47e-12,0.1585,3.72e-13,4.37e-11,1.4e-11,Yes,Yes,Yes
E2F2,-0.0755,3.5994,1.58e-12,4.2904,3.8e-10,4.52e-11,6.96e-09,Yes,Yes,Yes
SOX4,0.1182,0.2771,2.25e-12,0.2325,7.13e-10,6.19e-11,1.18e-08,Yes,Yes,Yes
ZNF362,0.1835,0.2789,4.6e-12,0.1624,8.7e-13,1.22e-10,2.83e-11,Yes,Yes,Yes
ZBTB16,0.0743,0.2865,5.85e-12,0.2481,2.56e-09,1.49e-10,3.97e-08,Yes,Yes,Yes
TCF3,-0.1302,3.4016,6.43e-12,4.342,1.35e-10,1.58e-10,2.94e-09,Yes,Yes,Yes
NPM1,-0.225,3.4172,9.74e-12,4.6426,1.36e-10,2.32e-10,2.94e-09,Yes,Yes,Yes
PA2G4,-0.1532,3.32,2.29e-11,4.3617,2.15e-10,5.28e-10,4.38e-09,Yes,Yes,Yes
HCFC1,0.0394,3.2223,3.3e-11,4.0691,5.67e-10,7.37e-10,9.68e-09,Yes,Yes,Yes
SMARCA4,-0.0261,3.2508,4.05e-11,4.1769,4.5e-10,8.77e-10,8.04e-09,Yes,Yes,Yes
HOXD3,-0.044,3.1882,6.75e-11,7.1129,4.14e-15,1.42e-09,2.28e-13,Yes,Yes,Yes
DOT1L,-0.106,3.206,9.6e-11,3.5897,2.45e-08,1.96e-09,2.96e-07,Yes,Yes,Yes
SOX6,-0.4444,0.3107,1.17e-10,0.2591,9.03e-09,2.26e-09,1.22e-07,Yes,Yes,Yes
ZNF436,0.1385,0.3131,1.17e-10,0.1889,4.37e-12,2.26e-09,1.2e-10,Yes,Yes,Yes
SMARCA5,-0.0383,3.1652,1.62e-10,4.011,2.92e-09,2.97e-09,4.39e-08,Yes,Yes,Yes
EBF1,0.2408,0.3156,1.6e-10,0.2246,2.45e-10,2.97e-09,4.67e-09,Yes,Yes,Yes
E2F4,-0.069,3.0496,3.06e-10,3.7982,2.95e-09,5.45e-09,4.39e-08,Yes,Yes,Yes
MAZ,-0.1415,3.084,3.35e-10,6.0042,5.11e-13,5.83e-09,1.74e-11,Yes,Yes,Yes
TCF15,-0.081,3.0881,4.33e-10,4.8445,8.51e-11,7.36e-09,2.02e-09,Yes,Yes,Yes
RFXANK,-0.0509,3.0737,5.15e-10,3.6616,2.3e-08,8.56e-09,2.88e-07,Yes,Yes,Yes
SOX10,-0.1267,0.3453,1.16e-09,0.2924,2.13e-08,1.87e-08,2.72e-07,Yes,Yes,Yes
ENO1,-0.1562,2.9446,1.18e-09,2.9502,8.02e-07,1.87e-08,6.66e-06,Yes,Yes,Yes
ZBTB33,-0.2762,2.9008,1.56e-09,4.6226,6.87e-11,2.42e-08,1.69e-09,Yes,Yes,Yes
KLF5,0.0762,0.345,2.76e-09,0.244,1.69e-09,4.19e-08,2.68e-08,Yes,Yes,Yes
NFATC3,-0.0942,2.8504,3.28e-09,3.3356,5.81e-08,4.87e-08,6.29e-07,Yes,Yes,Yes
HOXC8,0.2959,0.3481,3.78e-09,0.2923,9.32e-08,5.51e-08,9.38e-07,Yes,Yes,Yes
HDGF,-0.1385,2.8043,4.67e-09,5.3011,1.43e-12,6.67e-08,4.24e-11,Yes,Yes,Yes
ZBTB38,0.0949,0.3535,6.67e-09,0.2502,3.47e-09,9.34e-08,5.03e-08,Yes,Yes,Yes
TFAP2B,0.2659,0.3594,1.15e-08,0.2105,1.6e-10,1.58e-07,3.36e-09,Yes,Yes,Yes
CREB5,0.0595,0.3612,1.37e-08,0.2976,1.46e-07,1.85e-07,1.39e-06,Yes,Yes,Yes
STAT3,-0.0009,0.3658,1.42e-08,0.2855,3.26e-08,1.88e-07,3.82e-07,Yes,Yes,Yes
HIVEP3,0.0361,0.3721,2.51e-08,0.2674,1.26e-08,3.26e-07,1.67e-07,Yes,Yes,Yes
ATF2,0.0352,0.3705,3.34e-08,0.3012,2.02e-07,4.18e-07,1.85e-06,Yes,Yes,Yes
SMARCC1,-0.0729,2.611,3.34e-08,3.1284,2.27e-07,4.18e-07,2.03e-06,Yes,Yes,Yes
GABPA,0.0381,2.5984,3.68e-08,3.139,1.26e-07,4.53e-07,1.23e-06,Yes,Yes,Yes
TEAD4,0.0406,2.6071,4.1e-08,3.8372,3.52e-09,4.96e-07,5.03e-08,Yes,Yes,Yes
ZNF263,-0.0936,2.6019,4.47e-08,3.2775,8.96e-08,5.32e-07,9.14e-07,Yes,Yes,Yes
KLF15,0.1129,2.6121,4.66e-08,3.4093,4.42e-08,5.45e-07,5.01e-07,Yes,Yes,Yes
RBPJ,-0.004,2.6158,5.33e-08,3.195,1.9e-07,6.14e-07,1.76e-06,Yes,Yes,Yes
ZFPM2,0.1771,0.3766,5.67e-08,0.265,3.11e-08,6.43e-07,3.71e-07,Yes,Yes,Yes
TP53,-0.034,2.5626,6.27e-08,3.0574,4.18e-07,6.99e-07,3.59e-06,Yes,Yes,Yes
ZNF219,-0.125,2.537,1.04e-07,3.8166,4.11e-09,1.14e-06,5.76e-08,Yes,Yes,Yes
MYB,0.0722,2.5132,1.07e-07,3.131,2.26e-07,1.16e-06,2.03e-06,Yes,Yes,Yes
SOX11,-0.0147,2.5286,1.33e-07,3.8776,4.36e-09,1.42e-06,5.99e-08,Yes,Yes,Yes
PLAGL1,-0.0014,0.3937,1.39e-07,0.2916,8.56e-08,1.46e-06,9.09e-07,Yes,Yes,Yes
HDAC5,0.0029,0.3997,1.72e-07,0.3852,1.16e-05,1.78e-06,7.58e-05,Yes,Yes,Yes
APEX1,-0.1642,2.4612,2.77e-07,5.5288,2.78e-12,2.82e-06,7.93e-11,Yes,Yes,Yes
CTCF,-0.1164,2.4172,3.08e-07,3.057,2.53e-07,3.1e-06,2.23e-06,Yes,Yes,Yes
YY1,0.0201,2.4177,3.84e-07,2.8164,2.12e-06,3.81e-06,1.61e-05,Yes,Yes,Yes
ZNF410,-0.0566,2.4247,3.96e-07,2.7995,2.33e-06,3.88e-06,1.75e-05,Yes,Yes,Yes
PBX1,0.0379,0.4145,4.1e-07,0.3653,4e-06,3.96e-06,2.94e-05,Yes,Yes,Yes
MYBL1,-0.456,2.4002,4.7e-07,2.6554,8.01e-06,4.47e-06,5.55e-05,Yes,Yes,Yes
RXRB,0.0375,0.414,5.73e-07,0.3729,9.74e-06,5.32e-06,6.56e-05,Yes,Yes,Yes
KLF9,0.0025,0.4177,5.69e-07,0.386,1.39e-05,5.32e-06,8.74e-05,Yes,Yes,Yes
ZHX2,-0.0264,0.423,6.34e-07,0.4544,0.000193,5.8e-06,0.000855,Yes,Yes,Yes
TLX2,-0.1304,2.3822,8.93e-07,4.8332,9.5e-11,8.07e-06,2.19e-09,Yes,Yes,Yes
HOXB9,0.1297,0.4274,1.03e-06,0.3752,7.35e-06,9.2e-06,5.19e-05,Yes,Yes,Yes
ARID4B,0.0358,0.427,1.28e-06,0.4069,5.09e-05,1.11e-05,0.000269,Yes,Yes,Yes
RORB,0.0713,0.4265,1.27e-06,0.2804,4.76e-08,1.11e-05,5.31e-07,Yes,Yes,Yes
NFYA,-0.0646,2.303,1.53e-06,3.2835,8.78e-08,1.31e-05,9.09e-07,Yes,Yes,Yes
NFATC4,0.0798,2.2969,1.6e-06,2.4379,3.71e-05,1.36e-05,0.000202,Yes,Yes,Yes
TAF1,0.0235,2.3125,1.94e-06,2.9278,1.25e-06,1.63e-05,1e-05,Yes,Yes,Yes
TFEB,0.0571,0.4352,2.02e-06,0.3561,3.36e-06,1.68e-05,2.5e-05,Yes,Yes,Yes
ASCL1,-0.0559,2.2527,2.58e-06,3.2371,1.26e-07,2.12e-05,1.23e-06,Yes,Yes,Yes
PLAGL2,0.1049,2.2342,3.28e-06,2.559,1.55e-05,2.66e-05,9.56e-05,Yes,Yes,Yes
AIP,-0.062,2.2653,3.47e-06,3.5507,5.38e-08,2.78e-05,5.91e-07,Yes,Yes,Yes
MAFB,0.1561,0.4519,5.31e-06,0.2696,1.58e-08,4.17e-05,2.06e-07,Yes,Yes,Yes
RORA,0.0403,0.4499,5.25e-06,0.2867,8.68e-08,4.17e-05,9.09e-07,Yes,Yes,Yes
BACH1,-0.5173,2.1926,5.41e-06,2.3239,7.44e-05,4.2e-05,0.000371,Yes,Yes,Yes
HIVEP1,0.0669,0.4539,5.5e-06,0.2873,3.74e-08,4.22e-05,4.31e-07,Yes,Yes,Yes
HIF3A,-0.2169,2.1938,6.21e-06,3.1774,2.91e-07,4.72e-05,2.53e-06,Yes,Yes,Yes
BCL6,0.0771,0.4587,6.72e-06,0.3239,4.45e-07,5.05e-05,3.78e-06,Yes,Yes,Yes
JUN,-0.0001,0.4568,7.18e-06,0.5196,0.00243,5.34e-05,0.00811,Yes,Yes,Yes
NRF1,-0.0411,2.159,7.5e-06,2.14,0.000336,5.52e-05,0.00137,Yes,Yes,Yes
SF1,-0.4732,2.143,9.84e-06,2.5963,8.61e-06,7.17e-05,5.85e-05,Yes,Yes,Yes
DNMT3A,-0.086,2.1408,1.1e-05,1.9877,0.00133,7.94e-05,0.00475,Yes,Yes,Yes
NCOA1,0.0232,0.4649,1.17e-05,0.3905,2.64e-05,8.38e-05,0.000151,Yes,Yes,Yes
TP63,0.2261,0.4657,1.23e-05,0.2194,2.49e-10,8.71e-05,4.67e-09,Yes,Yes,Yes
BRCA1,-0.0235,2.1308,1.38e-05,2.6573,1.19e-05,9.69e-05,7.69e-05,Yes,Yes,Yes
DMTF1,0.1079,0.4682,1.42e-05,0.3905,2.65e-05,9.86e-05,0.000151,Yes,Yes,Yes
PRDM2,0.057,0.4689,1.49e-05,0.3789,1.41e-05,0.000102,8.75e-05,Yes,Yes,Yes
HES6,-0.0198,2.0986,1.51e-05,2.8406,1.6e-06,0.000103,1.26e-05,Yes,Yes,Yes
SKIL,0.0072,2.0877,1.81e-05,1.9747,0.00133,0.000122,0.00475,Yes,Yes,Yes
FOXO1,-0.0283,0.4781,1.91e-05,0.4303,0.000114,0.000127,0.000532,Yes,Yes,Yes
E2F6,-0.0843,2.0884,2.04e-05,2.3272,8.81e-05,0.000135,0.000428,Yes,Yes,Yes
ZNF91,0.0233,0.4806,2.07e-05,0.4887,0.000754,0.000136,0.00286,Yes,Yes,Yes
HOXB5,0.1082,0.4831,2.37e-05,0.4484,0.000198,0.000154,0.000874,Yes,Yes,Yes
FOXO3,0.0419,0.4799,2.74e-05,0.3967,3.67e-05,0.000176,0.000202,Yes,Yes,Yes
USF2,-0.029,2.0601,2.86e-05,2.0915,0.00059,0.000183,0.00226,Yes,Yes,Yes
ETV4,-0.2094,2.0645,2.95e-05,3.2885,1.7e-07,0.000187,1.59e-06,Yes,Yes,Yes
FOSL1,-0.5202,2.0423,3.43e-05,2.3301,8.43e-05,0.000215,0.000412,Yes,Yes,Yes
NRG1,0.0658,0.4901,3.71e-05,0.4497,0.000234,0.00023,0.000997,Yes,Yes,Yes
PEG3,0.1413,0.4889,3.79e-05,0.4861,0.000801,0.000233,0.00303,Yes,Yes,Yes
SMARCA1,0.1068,0.4926,3.95e-05,0.4199,6.16e-05,0.000241,0.000314,Yes,Yes,Yes
TFAP2A,-0.491,0.4913,4.03e-05,0.2818,2.34e-08,0.000244,2.89e-07,Yes,Yes,Yes
HOXD4,-0.543,2.022,4.14e-05,2.5528,1.39e-05,0.000248,8.74e-05,Yes,Yes,Yes
EPAS1,0.1423,0.4914,4.64e-05,0.443,0.000231,0.000276,0.000997,Yes,Yes,Yes
HOXD8,-0.0684,2.0056,5.07e-05,3.2335,1.29e-07,0.000299,1.25e-06,Yes,Yes,Yes
NKRF,-0.0184,2.001,6.11e-05,2.7115,7.55e-06,0.000357,5.28e-05,Yes,Yes,Yes
ELK4,-0.0776,1.9801,7.08e-05,1.9617,0.00156,0.000411,0.00546,Yes,Yes,Yes
FOXH1,0.1084,1.9869,7.29e-05,2.6794,9.92e-06,0.00042,6.62e-05,Yes,Yes,Yes
CHD4,-0.0379,1.9725,7.36e-05,1.9821,0.00123,0.00042,0.00452,Yes,Yes,Yes
NFYB,-0.1623,1.9684,8.09e-05,2.3095,0.000113,0.000458,0.000532,Yes,Yes,Yes
SOX17,-0.1032,0.5119,8.51e-05,0.5942,0.0132,0.000478,0.0361,Yes,Yes,Yes
NANOG,0.1899,0.5076,9.62e-05,0.4686,0.000561,0.000537,0.00218,Yes,Yes,Yes
STAT2,0.115,0.5121,0.000104,0.3908,2.19e-05,0.000578,0.00013,Yes,Yes,Yes
DMAP1,0.1366,0.5116,0.000109,0.5147,0.00224,0.0006,0.00753,Yes,Yes,Yes
ZBED1,0.0047,0.5113,0.000115,0.443,0.000203,0.000627,0.000888,Yes,Yes,Yes
TBX2,0.1434,1.9309,0.000124,2.3051,0.000105,0.000669,0.000499,Yes,Yes,Yes
NCOA6,0.0511,0.5153,0.000131,0.3863,1.69e-05,0.000701,0.000103,Yes,Yes,Yes
TFAP2D,-0.4189,1.9287,0.000151,2.5913,2.05e-05,0.000796,0.000123,Yes,Yes,Yes
IKZF4,-0.1455,0.5234,0.00015,0.5742,0.00841,0.000796,0.0249,Yes,Yes,Yes
ABL1,-0.2513,1.9111,0.000153,2.5529,1.37e-05,0.000802,8.72e-05,Yes,Yes,Yes
ARID1A,0.0491,0.5218,0.000157,0.4138,5.25e-05,0.00082,0.000276,Yes,Yes,Yes
GTF3A,0.0488,1.9036,0.000173,1.8029,0.00556,0.000896,0.0173,Yes,Yes,Yes
TFDP3,0.1364,1.8803,0.000213,1.9819,0.0013,0.00109,0.00473,Yes,Yes,Yes
PTF1A,-0.1345,0.5293,0.000223,0.4523,0.000236,0.00113,0.000997,Yes,Yes,Yes
SP1,0.0473,1.8804,0.000223,2.0977,0.000516,0.00113,0.00202,Yes,Yes,Yes
FOXD1,-0.1234,0.5281,0.000224,0.464,0.000358,0.00113,0.00145,Yes,Yes,Yes
ZNF804A,0.1964,0.528,0.000233,0.3633,6.86e-06,0.00116,4.9e-05,Yes,Yes,Yes
TWIST1,-0.3656,1.8864,0.000242,3.0031,8.71e-07,0.0012,7.07e-06,Yes,Yes,Yes
CEBPZ,-0.0604,1.8723,0.000257,2.9696,8.68e-07,0.00126,7.07e-06,Yes,Yes,Yes
NFIA,0.0168,0.5331,0.000273,0.3272,7.73e-07,0.00134,6.5e-06,Yes,Yes,Yes
HNF1A,-0.1249,1.875,0.000276,2.5611,2.63e-05,0.00134,0.000151,Yes,Yes,Yes
RCOR2,-0.1271,1.8759,0.00029,4.2826,1.68e-09,0.0014,2.68e-08,Yes,Yes,Yes
FEV,0.2287,1.8655,0.000294,2.9417,1.96e-06,0.00141,1.52e-05,Yes,Yes,Yes
EBF3,-0.0856,1.8646,0.000298,2.4384,5.04e-05,0.00142,0.000268,Yes,Yes,Yes
HOXC13,-0.4726,1.8512,0.000313,2.1032,0.000472,0.00148,0.00189,Yes,Yes,Yes
DBP,-0.0998,1.8586,0.00032,2.5692,2e-05,0.0015,0.000121,Yes,Yes,Yes
E4F1,-0.0612,1.843,0.000344,1.9204,0.00202,0.00161,0.00695,Yes,Yes,Yes
ZBTB17,0.1509,0.5405,0.000355,0.4418,0.000169,0.00162,0.000759,Yes,Yes,Yes
HNF4A,-0.2929,1.8514,0.00035,1.7312,0.0103,0.00162,0.0292,Yes,Yes,Yes
ZNF395,-0.1014,1.8475,0.000353,2.3464,8.22e-05,0.00162,0.000405,Yes,Yes,Yes
GTF2I,0.1055,0.5386,0.000366,0.4797,0.000841,0.00167,0.00316,Yes,Yes,Yes
TRERF1,0.096,0.5418,0.000394,0.5547,0.00613,0.00178,0.0189,Yes,Yes,Yes
NPAS4,0.2702,1.839,0.000408,2.9376,1.5e-06,0.00183,1.19e-05,Yes,Yes,Yes
LMX1B,0.2186,1.8329,0.000421,2.2031,0.000254,0.00188,0.00107,Yes,Yes,Yes
UBTF,-0.0117,1.8289,0.000461,2.6148,1.36e-05,0.00205,8.72e-05,Yes,Yes,Yes
MTA3,-0.0959,1.8181,0.000492,2.1928,0.000235,0.00217,0.000997,Yes,Yes,Yes
SIX4,0.0105,1.8038,0.000553,2.5158,2.2e-05,0.0024,0.00013,Yes,Yes,Yes
POU4F2,0.0578,0.5503,0.00056,0.3994,3.48e-05,0.0024,0.000194,Yes,Yes,Yes
PAX2,0.0147,0.5555,0.000549,0.6744,0.0605,0.0024,0.122,Yes,No,No
SRF,-0.0914,1.8269,0.000556,2.848,5.67e-06,0.0024,4.13e-05,Yes,Yes,Yes
PARK7,0.1374,0.5527,0.000561,0.3773,1.02e-05,0.0024,6.71e-05,Yes,Yes,Yes
ZNF236,-0.0725,1.8081,0.00057,2.2893,0.000135,0.00242,0.000617,Yes,Yes,Yes
CDX2,0.1544,0.5593,0.000654,0.5038,0.00121,0.00276,0.00446,Yes,Yes,Yes
PHOX2A,0.0382,0.562,0.000709,0.6059,0.017,0.00298,0.0448,Yes,Yes,Yes
HNF4G,-0.2675,0.5615,0.000723,0.4298,8.12e-05,0.00302,0.000403,Yes,Yes,Yes
HMGA1,-0.1146,1.7777,0.000786,2.1841,0.000294,0.00326,0.00122,Yes,Yes,Yes
KLF11,0.0544,0.5637,0.000825,0.4133,5.89e-05,0.0034,0.000305,Yes,Yes,Yes
DLX5,-0.4172,1.7735,0.00083,2.4297,5.41e-05,0.00341,0.000282,Yes,Yes,Yes
ZNF384,-0.0815,1.7625,0.000918,1.832,0.00422,0.00372,0.0135,Yes,Yes,Yes
SREBF2,0.0289,1.7565,0.000922,1.7361,0.00921,0.00372,0.0265,Yes,Yes,Yes
NAB2,-0.1584,1.765,0.000919,2.3899,6.5e-05,0.00372,0.000329,Yes,Yes,Yes
IRF6,0.0591,0.5681,0.00094,0.6467,0.039,0.00377,0.0879,Yes,No,No
NFIB,0.015,1.7398,0.0012,2.1911,0.000279,0.00481,0.00116,Yes,Yes,Yes
EZH2,0.0675,1.7303,0.00124,1.4497,0.0771,0.00493,0.148,Yes,No,No
PIN1,0.0028,1.7339,0.00134,1.6046,0.0269,0.00528,0.064,Yes,No,No
HOXD10,-0.1535,1.7316,0.00137,2.539,3.17e-05,0.00538,0.000178,Yes,Yes,Yes
NHLH2,-0.0005,1.7293,0.00141,2.4593,4.23e-05,0.00552,0.000227,Yes,Yes,Yes
HOXA10,-0.5053,1.7277,0.00144,2.5354,2.67e-05,0.0056,0.000151,Yes,Yes,Yes
BACH2,0.1638,0.5794,0.00152,0.5142,0.00204,0.00588,0.00697,Yes,Yes,Yes
FOXC1,-0.2473,1.7207,0.00157,2.7305,8.32e-06,0.00601,5.71e-05,Yes,Yes,Yes
NKX6.2,-0.0215,1.7142,0.00163,2.3188,0.000119,0.00624,0.00055,Yes,Yes,Yes
NR2F6,0.0416,1.7069,0.00168,1.4799,0.0616,0.00638,0.124,Yes,No,No
MECP2,-0.0134,1.7046,0.00189,1.9275,0.00234,0.00713,0.00786,Yes,Yes,Yes
FOXJ1,-0.0222,1.6995,0.00201,2.9047,1.99e-06,0.00754,1.53e-05,Yes,Yes,Yes
NR2E3,-0.3784,0.591,0.00203,0.521,0.00211,0.00757,0.00716,Yes,Yes,Yes
PREB,-0.0397,1.6897,0.00219,1.6384,0.0201,0.00813,0.051,Yes,No,No
ZFP64,-0.1082,1.688,0.00229,2.7739,5.76e-06,0.00848,4.16e-05,Yes,Yes,Yes
SMAD3,-0.0734,1.6799,0.00239,2.285,0.000125,0.00879,0.000574,Yes,Yes,Yes
TBX20,0.4306,0.5942,0.00261,0.4158,9.5e-05,0.00957,0.000455,Yes,Yes,Yes
ATF3,-0.0931,0.5975,0.00263,0.713,0.109,0.00959,0.195,Yes,No,No
TFAM,-0.0674,1.6691,0.0027,1.6705,0.0161,0.00973,0.0428,Yes,Yes,Yes
TFAP4,0.2335,1.6725,0.00268,2.0096,0.00131,0.00973,0.00473,Yes,Yes,Yes
NFE2,0.0661,1.6644,0.00293,2.3341,0.000105,0.0105,0.000498,Yes,Yes,Yes
IKZF1,-0.0242,0.6018,0.00295,0.4744,0.000563,0.0105,0.00218,Yes,Yes,Yes
SOX3,-0.2554,0.6043,0.00295,0.8301,0.378,0.0105,0.493,Yes,No,No
DNMT3B,-0.0665,1.6557,0.00309,1.6595,0.0166,0.0109,0.0439,Yes,Yes,Yes
CTBP1,-0.1449,1.6683,0.0031,2.6041,2.32e-05,0.0109,0.000136,Yes,Yes,Yes
VSX1,-0.0028,0.6047,0.00317,0.5866,0.0115,0.0111,0.0323,Yes,Yes,Yes
EN1,0.3787,1.6598,0.0032,2.2388,0.000234,0.0111,0.000997,Yes,Yes,Yes
NFIL3,0.0626,0.6027,0.00322,0.7806,0.24,0.0112,0.357,Yes,No,No
TFDP1,0.0476,1.6433,0.00343,1.782,0.00612,0.0118,0.0189,Yes,Yes,Yes
BRD4,0.0158,1.6462,0.00345,2.335,9.03e-05,0.0118,0.000436,Yes,Yes,Yes
GSC,0.2091,1.6503,0.00347,2.2829,0.000142,0.0118,0.000642,Yes,Yes,Yes
ARID1B,-0.0718,0.608,0.00346,0.6927,0.0806,0.0118,0.153,Yes,No,No
GTF2IRD1,0.0592,0.606,0.00357,0.6025,0.0181,0.0121,0.0474,Yes,Yes,Yes
PHF5A,-0.0555,1.6418,0.0038,1.622,0.0234,0.0128,0.0581,Yes,No,No
HAND1,0.0855,0.6111,0.00385,0.619,0.024,0.0129,0.059,Yes,No,No
ZNF423,0.0944,0.6096,0.00388,0.472,0.000516,0.0129,0.00202,Yes,Yes,Yes
LHX2,0.1024,1.6379,0.0039,1.5431,0.0398,0.013,0.0883,Yes,No,No
ZFX,-0.0357,1.6285,0.00408,2.0187,0.000861,0.0135,0.00322,Yes,Yes,Yes
FOXP2,0.1603,1.6295,0.00411,1.7446,0.00862,0.0135,0.0253,Yes,Yes,Yes
MYT1,0.1128,0.6131,0.00422,0.5507,0.00525,0.0138,0.0165,Yes,Yes,Yes
GATA3,0.1339,0.6139,0.00457,0.6145,0.0225,0.0148,0.0564,Yes,No,No
HOXA2,0.1594,0.6171,0.00455,0.4797,0.000586,0.0148,0.00226,Yes,Yes,Yes
NFAT5,0.0576,0.6148,0.00453,0.5746,0.0101,0.0148,0.0286,Yes,Yes,Yes
ZBTB7A,-0.0371,1.63,0.00462,1.8559,0.00451,0.0149,0.0144,Yes,Yes,Yes
IRF8,0.0875,0.6179,0.00499,0.4009,3.79e-05,0.016,0.000205,Yes,Yes,Yes
FOXF2,0.1176,0.6196,0.00509,0.5557,0.00596,0.0162,0.0185,Yes,Yes,Yes
PAX3,-0.3635,1.6088,0.00531,2.3995,5.99e-05,0.0168,0.000308,Yes,Yes,Yes
ZEB1,0.0468,0.6212,0.00552,0.5281,0.00295,0.0174,0.00976,Yes,Yes,Yes
BARX1,-0.4418,1.6042,0.00586,1.8846,0.00333,0.0184,0.011,Yes,Yes,Yes
BCLAF1,-0.0579,0.6221,0.00597,0.6021,0.0196,0.0187,0.0503,Yes,No,No
MEIS1,0.0867,0.6254,0.00607,0.5207,0.00268,0.0189,0.0089,Yes,Yes,Yes
GLI1,0.2373,0.6255,0.00608,0.4993,0.00136,0.0189,0.00484,Yes,Yes,Yes
HIF1A,-0.0072,1.5972,0.00616,1.9484,0.00213,0.0191,0.00722,Yes,Yes,Yes
STAT4,-0.0216,0.6263,0.00637,0.4971,0.00139,0.0196,0.0049,Yes,Yes,Yes
CTBP2,-0.0215,1.5842,0.0068,1.9501,0.00163,0.0208,0.00569,Yes,Yes,Yes
TWIST2,0.1299,0.6319,0.00691,0.6955,0.084,0.0211,0.158,Yes,No,No
CRX,0.5098,1.5809,0.00713,1.5966,0.0265,0.0217,0.0636,Yes,No,No
SATB1,0.0565,0.6321,0.00733,0.508,0.00168,0.0222,0.00581,Yes,Yes,Yes
ASCL2,-0.4437,1.5824,0.00747,2.4977,3.64e-05,0.0225,0.000201,Yes,Yes,Yes
IRF9,-0.119,0.6364,0.00778,0.6293,0.0286,0.0233,0.0672,Yes,No,No
MTF2,0.1308,0.6329,0.00788,0.5274,0.00352,0.0235,0.0114,Yes,Yes,Yes
TRPS1,0.2092,0.6372,0.00812,0.4371,0.000136,0.0241,0.000617,Yes,Yes,Yes
KAT2B,0.1302,0.6352,0.00841,0.4462,0.000306,0.0249,0.00126,Yes,Yes,Yes
MEOX1,0.1579,0.6375,0.00854,0.5847,0.0122,0.0252,0.0341,Yes,Yes,Yes
ETV5,0.0084,1.5675,0.00865,1.3585,0.147,0.0254,0.247,Yes,No,No
DEAF1,-0.0602,0.6423,0.0089,0.8729,0.518,0.0259,0.622,Yes,No,No
MBD2,-0.147,1.5631,0.00886,1.7696,0.00762,0.0259,0.0228,Yes,Yes,Yes
GLI3,0.0394,0.6399,0.00911,0.5313,0.00365,0.0264,0.0118,Yes,Yes,Yes
CXXC1,-0.0896,1.5525,0.00967,1.7116,0.0112,0.028,0.0316,Yes,Yes,Yes
PRDM16,-0.3445,0.6434,0.00979,0.729,0.136,0.0282,0.234,Yes,No,No
IKZF3,-0.6002,0.6448,0.00996,0.5648,0.00725,0.0286,0.0218,Yes,Yes,Yes
ZBTB7B,-0.0785,1.5472,0.0104,1.6105,0.0244,0.0298,0.0596,Yes,No,No
ETS2,0.0549,0.6455,0.0106,0.7365,0.149,0.0301,0.25,Yes,No,No
TLX3,0.1349,1.5443,0.0109,2.0108,0.0014,0.031,0.00492,Yes,Yes,Yes
HOXC6,0.1983,0.6486,0.0112,0.5318,0.00345,0.0317,0.0113,Yes,Yes,Yes
GATA6,0.1023,0.6515,0.0124,0.6057,0.0195,0.0347,0.0503,Yes,No,No
SATB2,-0.403,1.5267,0.0132,1.8283,0.00497,0.0371,0.0157,Yes,Yes,Yes
CREB3,-0.0216,1.5187,0.0138,1.5076,0.0513,0.0384,0.106,Yes,No,No
ASXL1,-0.0137,1.5181,0.0138,1.5596,0.0341,0.0384,0.0781,Yes,No,No
ATF6,-0.0512,1.5148,0.0149,1.8431,0.00398,0.0412,0.0128,Yes,Yes,Yes
LHX3,-0.4006,0.6625,0.0153,0.5761,0.009,0.042,0.026,Yes,Yes,Yes
KLF7,0.0533,0.66,0.0153,0.6142,0.0231,0.042,0.0575,Yes,No,No
NR1D1,-0.1506,1.5149,0.0153,2.0068,0.00131,0.042,0.00473,Yes,Yes,Yes
LMX1A,0.0733,1.5086,0.0161,1.5249,0.0474,0.0438,0.1,Yes,No,No
NEUROD1,-0.3666,1.5069,0.0167,1.7794,0.00781,0.0454,0.0233,Yes,Yes,Yes
TCF4,0.1114,0.6647,0.0169,0.6455,0.0395,0.0456,0.0883,Yes,No,No
KCNIP3,0.0152,1.5028,0.0174,2.1658,0.00049,0.0469,0.00194,Yes,Yes,Yes
TEAD2,0.2307,1.4959,0.0175,1.137,0.541,0.047,0.642,Yes,No,No
EHF,-0.1719,1.4975,0.0176,1.1404,0.53,0.047,0.631,Yes,No,No
FLI1,0.0142,0.6673,0.0177,0.62,0.0245,0.0471,0.0596,Yes,No,No
DLX4,0.094,1.4992,0.0178,2.2791,0.000191,0.0473,0.000853,Yes,Yes,Yes
FOXF1,-0.1122,1.4919,0.019,1.7845,0.00676,0.05,0.0205,Yes,Yes,Yes
AHRR,-0.4542,1.489,0.0189,1.4292,0.0896,0.05,0.167,Yes,No,No
PDX1,-0.3263,1.484,0.0199,1.6421,0.0186,0.0523,0.0485,No,Yes,No
MXI1,-0.04,0.6728,0.0201,0.7882,0.258,0.0526,0.375,No,No,No
TBX18,0.1775,0.6738,0.0206,0.7483,0.17,0.0536,0.274,No,No,No
PPARGC1B,0.0338,1.4794,0.0211,1.3862,0.12,0.0548,0.212,No,No,No
PROX1,-0.1308,0.6753,0.0214,0.7399,0.152,0.0553,0.253,No,No,No
NKX6.3,0.0529,0.6782,0.022,0.6798,0.0657,0.0567,0.131,No,No,No
ARID3A,-0.0086,0.6785,0.0224,0.6101,0.0199,0.0576,0.0508,No,No,No
NFKB1,-0.1019,1.4743,0.0226,1.2308,0.322,0.0578,0.436,No,No,No
HOXA7,0.1611,0.6784,0.0229,0.5732,0.00893,0.0582,0.026,No,Yes,No
ATOH7,0.1007,0.6798,0.0228,0.7017,0.092,0.0582,0.169,No,No,No
KLF6,-0.0653,0.6805,0.0233,0.6491,0.0396,0.0589,0.0883,No,No,No
PITX3,0.1032,0.6819,0.0236,0.752,0.174,0.0596,0.28,No,No,No
ZNF24,-0.0869,1.4692,0.0238,1.5537,0.0375,0.0597,0.0849,No,No,No
ETS1,-0.0576,0.6822,0.0239,0.6057,0.0174,0.0599,0.0457,No,Yes,No
NKX2.1,-0.2683,0.6811,0.0241,0.598,0.0159,0.0601,0.0426,No,Yes,No
HBP1,0.089,0.6803,0.0243,0.4883,0.00102,0.0604,0.00381,No,Yes,No
PAX8,-0.1583,0.6852,0.0258,0.7316,0.137,0.0639,0.235,No,No,No
GFI1,0.2032,0.686,0.0268,0.5693,0.00847,0.0663,0.025,No,Yes,No
KLF4,-0.0675,0.6864,0.027,0.8025,0.296,0.0664,0.41,No,No,No
NFKBIB,0.0073,1.461,0.0272,1.551,0.043,0.0667,0.093,No,No,No
RLF,0.0589,0.6852,0.0275,0.5457,0.00545,0.0673,0.0171,No,Yes,No
LYL1,0.0062,1.4539,0.0277,1.3689,0.136,0.0675,0.234,No,No,No
ELF1,-0.1398,0.6878,0.0279,0.5939,0.014,0.0677,0.0383,No,Yes,No
NR3C1,-0.0042,0.6897,0.0283,0.7321,0.137,0.0684,0.235,No,No,No
ZNF217,0.0196,1.4514,0.0287,1.4276,0.0913,0.0692,0.169,No,No,No
TFDP2,0.0048,1.448,0.0298,1.6073,0.0255,0.0716,0.0616,No,No,No
MAML1,0.0261,1.4442,0.0301,1.4197,0.0949,0.0719,0.174,No,No,No
ESR2,0.2398,1.4433,0.0302,1.5714,0.0314,0.0719,0.0729,No,No,No
FOXQ1,-0.2194,0.6928,0.0302,0.6819,0.0679,0.0719,0.133,No,No,No
RFX2,0.0756,1.4413,0.0314,1.3813,0.124,0.0745,0.218,No,No,No
PPARA,-0.5257,1.439,0.0317,1.9343,0.00187,0.0751,0.00644,No,Yes,No
POU1F1,-0.5126,0.6957,0.032,0.8721,0.514,0.0755,0.62,No,No,No
ELF5,-0.5309,0.696,0.0322,0.8911,0.584,0.0756,0.678,No,No,No
MAX,-0.0705,1.439,0.0326,1.701,0.0126,0.076,0.035,No,Yes,No
SIX3,0.0308,1.439,0.0326,1.5552,0.038,0.076,0.0859,No,No,No
E2F5,0.0369,1.4359,0.0327,1.8607,0.00344,0.0761,0.0113,No,Yes,No
YBX1,-0.055,1.4338,0.0334,1.1437,0.522,0.0769,0.626,No,No,No
HOXB6,-0.0135,0.6973,0.0333,0.6628,0.0507,0.0769,0.106,No,No,No
RFX3,0.1024,0.6955,0.0334,0.6619,0.0525,0.0769,0.108,No,No,No
SOX9,-0.1108,1.4361,0.0335,2.2079,0.000269,0.077,0.00112,No,Yes,No
ELF3,0.3504,1.4324,0.0342,1.4498,0.0781,0.078,0.149,No,No,No
CIITA,-0.1056,0.6983,0.0342,0.6967,0.0865,0.078,0.162,No,No,No
CEBPD,-0.0237,0.6992,0.0352,0.8218,0.35,0.0801,0.464,No,No,No
HDAC1,0.1513,0.6997,0.0359,0.4781,0.000714,0.0814,0.00273,No,Yes,No
ATF1,-0.0214,1.4267,0.0363,1.5584,0.0349,0.082,0.0794,No,No,No
GATA2,0.1691,0.7009,0.0373,0.6076,0.0195,0.084,0.0503,No,No,No
KLF10,-0.041,0.7038,0.039,0.6653,0.0531,0.0875,0.109,No,No,No
SIRT1,0.0719,0.7036,0.0394,0.6549,0.0467,0.0881,0.099,No,No,No
MAFK,-0.0744,1.4195,0.0397,1.5343,0.0443,0.0886,0.0947,No,No,No
DDIT3,0.0264,0.7058,0.0402,0.7916,0.266,0.0894,0.378,No,No,No
POU5F1,-0.0281,1.4149,0.0409,1.7409,0.00889,0.0907,0.026,No,Yes,No
CTCFL,-0.3001,1.4134,0.042,1.4485,0.0786,0.0927,0.15,No,No,No
HDAC7,0.0252,1.4118,0.042,1.4089,0.102,0.0927,0.185,No,No,No
ZNF354C,0.4734,1.4094,0.0422,1.4135,0.099,0.0928,0.18,No,No,No
SP4,0.0545,0.7065,0.043,0.6212,0.0275,0.0941,0.0651,No,No,No
SMAD1,-0.0142,0.7087,0.0431,0.6106,0.0208,0.0941,0.0526,No,No,No
HES1,0.0069,0.7102,0.0437,0.613,0.0212,0.0952,0.0535,No,No,No
ZNF335,-0.0757,0.7128,0.0458,0.5909,0.0128,0.0992,0.0353,No,Yes,No
NR2F2,0.0452,0.7116,0.0458,0.6064,0.019,0.0992,0.0494,No,Yes,No
HOXA11,-0.1424,1.4019,0.0468,1.2556,0.279,0.101,0.392,No,No,No
SPDEF,0.1264,1.4076,0.0467,1.6344,0.0254,0.101,0.0614,No,No,No
HOXD1,-0.1208,1.3995,0.048,1.524,0.0478,0.103,0.1,No,No,No
MZF1,0.0136,1.395,0.0499,1.5877,0.029,0.105,0.0679,No,No,No
TCF20,0.0332,1.396,0.049,1.5602,0.0343,0.105,0.0784,No,No,No
SHOX2,0.0462,0.7158,0.0497,0.5735,0.00934,0.105,0.0267,No,Yes,No
SREBF1,0.0584,0.716,0.0499,0.6851,0.0746,0.105,0.145,No,No,No
SMAD5,0.0599,1.3955,0.0495,1.5113,0.0505,0.105,0.106,No,No,No
AHR,0.044,0.7178,0.0509,0.4975,0.00118,0.107,0.00437,No,Yes,No
NKX3.1,-0.0761,1.397,0.0516,1.8536,0.00496,0.108,0.0157,No,Yes,No
HHEX,0.0079,0.7196,0.0536,0.6339,0.0329,0.112,0.076,No,No,No
PURA,0.0967,0.7205,0.0539,0.6273,0.0283,0.113,0.0667,No,No,No
SMAD6,0.1851,1.3835,0.0551,1.5331,0.0422,0.115,0.0919,No,No,No
NR5A2,-0.273,0.7257,0.0581,0.6273,0.0268,0.12,0.0639,No,No,No
RARB,0.1415,1.3789,0.0579,1.3282,0.176,0.12,0.281,No,No,No
TTF1,0.0661,1.3828,0.0578,1.5435,0.0436,0.12,0.0938,No,No,No
FOS,0.1435,0.7248,0.058,0.746,0.164,0.12,0.266,No,No,No
TBX10,0.1183,1.3788,0.0589,1.3951,0.114,0.121,0.203,No,No,No
HTATIP2,-0.0657,1.3796,0.0596,1.2609,0.274,0.122,0.387,No,No,No
JDP2,0.0619,0.7271,0.0605,0.9332,0.742,0.123,0.81,No,No,No
FOXI1,0.1436,0.7282,0.0609,0.6798,0.066,0.124,0.131,No,No,No
PAWR,-0.2758,0.728,0.061,0.5775,0.00991,0.124,0.0282,No,Yes,No
SMARCB1,0.069,1.3728,0.0613,1.5449,0.0392,0.124,0.0881,No,No,No
FOXG1,0.3242,0.7294,0.0627,0.8009,0.29,0.126,0.406,No,No,No
KLF17,-0.3961,0.7301,0.0636,0.6345,0.0304,0.128,0.0707,No,No,No
CTNNB1,-0.0138,1.3693,0.0638,1.5643,0.0339,0.128,0.0779,No,No,No
PAX9,-0.2525,0.7309,0.0643,0.6717,0.0582,0.128,0.119,No,No,No
PITX1,0.294,0.7302,0.0637,0.6501,0.0421,0.128,0.0918,No,No,No
GLIS3,-0.1207,0.7321,0.0655,0.7342,0.141,0.13,0.241,No,No,No
USF1,-0.0304,1.3621,0.0678,1.4747,0.0643,0.135,0.129,No,No,No
NR4A3,-0.0639,0.7346,0.0693,0.9002,0.616,0.136,0.708,No,No,No
ARNT,-0.0242,0.7336,0.0692,0.7131,0.113,0.136,0.201,No,No,No
NR4A1,-0.2777,0.7349,0.0693,1.056,0.795,0.136,0.85,No,No,No
TCF7L1,0.1207,0.7347,0.0706,0.778,0.237,0.139,0.355,No,No,No
HESX1,0.0741,1.3569,0.072,1.54,0.0399,0.141,0.0883,No,No,No
LEF1,0.0008,0.7372,0.0726,0.6,0.0166,0.142,0.0439,No,Yes,No
PBX2,0.0272,0.7398,0.0766,0.5959,0.0157,0.149,0.0422,No,Yes,No
RUNX2,-0.1117,0.7411,0.0763,0.9367,0.756,0.149,0.82,No,No,No
STAT5B,-0.0984,0.7423,0.0792,0.8607,0.476,0.153,0.58,No,No,No
EWSR1,0.0424,1.3459,0.079,1.1216,0.585,0.153,0.678,No,No,No
BTG2,-0.1369,0.7433,0.0799,0.8263,0.363,0.154,0.478,No,No,No
ZFHX3,-0.3566,1.3437,0.0808,1.5153,0.0478,0.155,0.1,No,No,No
MYF5,-0.4566,0.7461,0.0834,0.6558,0.0449,0.159,0.0957,No,No,No
FEZF2,-0.5337,0.7447,0.0833,0.569,0.0084,0.159,0.0249,No,Yes,No
TBP,0.0732,0.7467,0.0859,0.78,0.24,0.163,0.357,No,No,No
NR4A2,0.1346,0.747,0.0858,0.8874,0.569,0.163,0.668,No,No,No
NCOR1,-0.2377,0.7477,0.0877,0.5892,0.0131,0.166,0.0359,No,Yes,No
PITX2,0.3571,0.749,0.0877,0.9781,0.916,0.166,0.938,No,No,No
NFATC2,0.2284,1.3351,0.0889,2.1548,0.000421,0.167,0.0017,No,Yes,No
SNAI1,-0.152,1.3349,0.0896,1.6262,0.0227,0.168,0.0566,No,No,No
PBRM1,0.0031,1.3315,0.0905,1.4899,0.0583,0.169,0.119,No,No,No
ID3,-0.0065,1.3339,0.0906,1.3437,0.163,0.169,0.266,No,No,No
STAT6,0.0335,0.7503,0.0915,0.5529,0.00618,0.17,0.0189,No,Yes,No
ZNF202,0.0513,1.3306,0.0913,1.1753,0.441,0.17,0.548,No,No,No
NFE2L3,0.0402,1.3309,0.0914,1.3085,0.2,0.17,0.314,No,No,No
ETV6,0.0622,0.7498,0.0923,0.736,0.152,0.171,0.253,No,No,No
NEUROG1,0.0273,0.754,0.096,0.7886,0.262,0.177,0.376,No,No,No
SOX2,-0.1284,0.7543,0.0967,1.0267,0.9,0.178,0.926,No,No,No
EOMES,0.2635,0.7558,0.0988,0.5957,0.0151,0.181,0.041,No,Yes,No
POU4F1,0.2466,1.3226,0.0993,1.675,0.0155,0.182,0.042,No,Yes,No
RARG,-0.0439,1.3239,0.1,1.8099,0.00652,0.183,0.0199,No,Yes,No
IRF2,-0.143,0.7573,0.101,0.6117,0.0213,0.185,0.0535,No,No,No
PLAG1,0.1275,0.7575,0.103,0.6854,0.0766,0.187,0.148,No,No,No
STAT1,-0.2183,1.3157,0.106,1.0713,0.742,0.192,0.81,No,No,No
RXRG,-0.5438,0.7599,0.106,0.7391,0.152,0.192,0.253,No,No,No
PPARG,-0.0409,1.3125,0.108,1.2725,0.252,0.195,0.37,No,No,No
PPARGC1A,0.0429,1.3125,0.109,1.3396,0.164,0.195,0.266,No,No,No
NKX2.5,0.061,0.7627,0.109,0.8573,0.465,0.196,0.573,No,No,No
OVOL1,-0.3823,1.3084,0.112,1.212,0.359,0.201,0.473,No,No,No
JUNB,-0.0401,0.7666,0.117,0.8048,0.301,0.208,0.415,No,No,No
OTX2,0.4836,0.7682,0.119,0.8384,0.401,0.212,0.511,No,No,No
RFX1,-0.1173,1.2999,0.122,1.4702,0.0682,0.216,0.133,No,No,No
MYCN,-0.1938,1.3025,0.122,2.4645,7.36e-05,0.216,0.00037,No,Yes,No
NEUROG2,-0.3107,1.2999,0.123,1.419,0.097,0.217,0.177,No,No,No
HIPK2,-0.0063,1.2992,0.123,1.538,0.0415,0.217,0.0912,No,No,No
ID1,0.0474,1.2979,0.124,1.1237,0.579,0.218,0.675,No,No,No
ZNF331,-0.1003,0.7718,0.127,1.0084,0.968,0.223,0.976,No,No,No
SON,0.0142,1.2949,0.127,1.5351,0.0423,0.223,0.0919,No,No,No
OLIG1,-0.2277,1.2929,0.129,1.1728,0.447,0.224,0.555,No,No,No
SP7,-0.1614,1.2938,0.129,1.7042,0.0123,0.224,0.0342,No,Yes,No
NR1D2,0.0147,1.2922,0.13,1.4171,0.0968,0.226,0.177,No,No,No
CDX1,0.0984,0.7759,0.134,0.6839,0.0715,0.232,0.139,No,No,No
ETV3,0.0118,1.2893,0.134,1.1411,0.53,0.232,0.631,No,No,No
LHX4,-0.031,1.2858,0.138,1.5187,0.0479,0.237,0.1,No,No,No
TBX5,-0.2308,1.286,0.138,1.2661,0.262,0.237,0.376,No,No,No
NR1H4,0.0347,1.2843,0.14,1.3961,0.113,0.24,0.201,No,No,No
MEF2C,0.0523,0.7783,0.14,0.6715,0.0605,0.24,0.122,No,No,No
NR1I2,-0.514,0.7801,0.142,0.6541,0.0438,0.242,0.0938,No,No,No
EGR4,0.2912,1.2835,0.142,1.6849,0.0157,0.242,0.0422,No,Yes,No
OLIG2,-0.5394,0.7809,0.143,0.6517,0.0416,0.244,0.0912,No,No,No
SALL3,-0.2524,0.7814,0.145,0.7433,0.157,0.246,0.259,No,No,No
MTA1,-0.0272,1.279,0.147,2.1401,0.000476,0.249,0.0019,No,Yes,No
FOXA3,-0.0881,1.2783,0.149,1.4374,0.0874,0.251,0.163,No,No,No
HEYL,0.108,0.7831,0.15,0.7384,0.152,0.252,0.253,No,No,No
NR2E1,0.5052,1.2761,0.151,1.3773,0.128,0.253,0.224,No,No,No
CREB3L1,0.0001,1.2781,0.151,1.4162,0.108,0.253,0.192,No,No,No
NFX1,-0.0794,1.2744,0.152,1.2861,0.231,0.254,0.351,No,No,No
IRF1,-0.0383,0.7845,0.152,0.6888,0.0778,0.254,0.149,No,No,No
FGF2,-0.2582,1.2739,0.154,1.5047,0.0552,0.255,0.113,No,No,No
FOXA2,-0.1964,1.2767,0.153,1.4905,0.0664,0.255,0.131,No,No,No
ATF4,-0.094,1.2738,0.153,1.7443,0.00895,0.255,0.026,No,Yes,No
ELK3,0.0616,0.7857,0.155,0.6541,0.0451,0.256,0.0958,No,No,No
PIAS1,-0.0043,0.7858,0.156,0.6508,0.0436,0.257,0.0938,No,No,No
TCF7L2,0.2516,0.7867,0.157,0.794,0.274,0.258,0.387,No,No,No
FOXD3,0.0584,0.787,0.157,0.9953,0.982,0.258,0.987,No,No,No
BCL3,-0.0413,0.7869,0.158,0.6948,0.0852,0.258,0.16,No,No,No
MAFA,0.0145,1.2716,0.159,1.605,0.0298,0.259,0.0696,No,No,No
FOXA1,-0.542,0.7883,0.16,0.6833,0.0697,0.26,0.136,No,No,No
BCOR,-0.0092,1.2679,0.161,1.0928,0.673,0.261,0.753,No,No,No
EMX2,0.3646,1.2678,0.162,1.6148,0.0241,0.262,0.0591,No,No,No
DMRT1,-0.5539,0.7891,0.162,0.7438,0.159,0.262,0.261,No,No,No
PGR,-0.4751,0.7908,0.166,0.7674,0.208,0.266,0.322,No,No,No
SALL4,0.0768,0.7902,0.165,0.6197,0.0249,0.266,0.0606,No,No,No
LITAF,-0.0448,0.7904,0.165,0.8434,0.417,0.266,0.527,No,No,No
AEBP1,0.0078,0.7909,0.167,0.913,0.665,0.267,0.747,No,No,No
BCL11A,0.147,1.2639,0.167,1.359,0.145,0.267,0.245,No,No,No
NEUROD2,-0.1907,1.2582,0.178,1.2619,0.276,0.284,0.389,No,No,No
NFE2L2,0.0136,0.7963,0.179,0.8412,0.41,0.284,0.522,No,No,No
GATA1,-0.4332,1.256,0.179,1.431,0.0902,0.284,0.167,No,No,No
TCF12,-0.2471,1.2527,0.183,1.2985,0.213,0.29,0.328,No,No,No
CEBPB,-0.1526,1.2529,0.186,2.2775,0.000228,0.293,0.000992,No,Yes,No
MLX,-0.0023,1.2512,0.186,1.4072,0.105,0.293,0.189,No,No,No
GATA5,-0.4089,1.251,0.187,1.4787,0.0664,0.294,0.131,No,No,No
TEF,-0.0067,1.2488,0.189,1.3558,0.147,0.297,0.247,No,No,No
WWTR1,-0.1385,0.802,0.194,0.787,0.257,0.304,0.374,No,No,No
NR2F1,-0.0667,1.2445,0.196,1.1937,0.398,0.307,0.51,No,No,No
GRHL2,-0.2526,1.2425,0.202,1.1092,0.622,0.315,0.714,No,No,No
HOXA4,0.0682,0.8056,0.202,0.6714,0.0602,0.315,0.122,No,No,No
PAX7,0.2104,0.8067,0.204,0.6879,0.0752,0.316,0.146,No,No,No
FOSB,0.0229,0.8063,0.203,0.9942,0.978,0.316,0.983,No,No,No
DLX2,-0.2351,0.8067,0.204,0.8555,0.457,0.316,0.564,No,No,No
MXD1,-0.1091,0.8059,0.206,0.781,0.246,0.318,0.363,No,No,No
TBX21,-0.0018,0.8087,0.21,0.7614,0.195,0.323,0.307,No,No,No
PRRX1,0.4294,1.2359,0.21,1.281,0.238,0.324,0.355,No,No,No
VENTX,-0.4545,1.2341,0.214,1.2673,0.26,0.329,0.376,No,No,No
KLF2,-0.1536,0.811,0.216,0.9859,0.947,0.33,0.964,No,No,No
KLF13,0.0046,0.8099,0.215,0.7621,0.202,0.33,0.317,No,No,No
SFPQ,-0.0155,0.8111,0.218,0.8141,0.328,0.332,0.44,No,No,No
ID4,0.0749,0.813,0.222,1.1471,0.513,0.337,0.62,No,No,No
CEBPA,-0.0554,0.8136,0.223,0.7092,0.102,0.339,0.184,No,No,No
PAX6,0.2081,0.8147,0.226,0.7658,0.203,0.342,0.317,No,No,No
VEZF1,0.0796,0.8144,0.227,0.8448,0.423,0.343,0.531,No,No,No
ZNF160,-0.072,1.2272,0.228,1.2359,0.317,0.344,0.431,No,No,No
MIXL1,0.1991,1.2271,0.229,1.231,0.326,0.345,0.437,No,No,No
MTF1,-0.1297,0.8166,0.233,0.6444,0.0399,0.35,0.0883,No,No,No
HSF4,0.0648,0.8175,0.233,1.2321,0.322,0.35,0.436,No,No,No
RUNX1,-0.1173,1.2232,0.236,1.5178,0.0511,0.353,0.106,No,No,No
ZFP42,-0.48,0.8187,0.237,0.9685,0.878,0.353,0.91,No,No,No
ZNF350,0.0129,1.2214,0.237,1.1814,0.428,0.353,0.535,No,No,No
HOXA13,-0.4122,0.8186,0.237,0.8149,0.33,0.353,0.441,No,No,No
ZNF300,0.1635,0.8191,0.24,0.8048,0.304,0.356,0.418,No,No,No
EGR2,0.0406,0.8222,0.248,0.9184,0.685,0.367,0.761,No,No,No
ZIC2,-0.225,1.2153,0.249,0.9563,0.831,0.368,0.88,No,No,No
HES5,-0.0335,0.8231,0.251,0.747,0.167,0.37,0.27,No,No,No
LMO4,-0.06,1.2128,0.254,1.1346,0.547,0.374,0.647,No,No,No
SALL1,-0.2738,1.2127,0.256,1.1848,0.42,0.376,0.528,No,No,No
FOXE1,-0.078,0.8258,0.259,1.0413,0.85,0.379,0.894,No,No,No
IRX4,-0.0691,0.8264,0.26,1.2027,0.388,0.379,0.501,No,No,No
SIN3A,-0.0583,1.2112,0.258,1.2953,0.219,0.379,0.336,No,No,No
POU2F1,-0.2015,0.8271,0.263,0.605,0.0199,0.384,0.0508,No,No,No
ZFPM1,0.0543,0.8299,0.271,0.9965,0.987,0.394,0.987,No,No,No
NPAS2,0.0158,1.2042,0.273,0.9913,0.967,0.395,0.976,No,No,No
IKZF2,0.0638,0.8297,0.272,0.8421,0.418,0.395,0.527,No,No,No
MSX2,-0.3053,1.2034,0.275,1.5732,0.0339,0.396,0.0779,No,No,No
LMO2,0.0661,0.8311,0.274,0.8027,0.296,0.396,0.41,No,No,No
SMAD9,-0.044,0.8305,0.275,0.8555,0.461,0.396,0.569,No,No,No
PHOX2B,0.0173,0.8319,0.276,0.9444,0.785,0.396,0.845,No,No,No
KLF3,0.0772,1.203,0.275,1.0526,0.807,0.396,0.859,No,No,No
MYOCD,0.4279,0.8343,0.284,0.9625,0.856,0.406,0.898,No,No,No
MYOG,-0.0249,0.8348,0.286,0.8124,0.322,0.408,0.436,No,No,No
NFKB2,0.0477,0.8352,0.287,0.7969,0.279,0.409,0.392,No,No,No
RREB1,-0.4103,0.8352,0.288,0.7614,0.196,0.409,0.308,No,No,No
TBX1,-0.4264,1.1969,0.289,1.3861,0.123,0.41,0.216,No,No,No
ELF2,0.0709,1.1957,0.291,1.4734,0.0657,0.413,0.131,No,No,No
SIX1,0.2783,0.8371,0.293,0.8036,0.298,0.414,0.411,No,No,No
TEAD1,-0.0065,1.1935,0.296,1.2081,0.368,0.417,0.483,No,No,No
IRF5,0.0319,1.1929,0.297,1.1648,0.467,0.419,0.574,No,No,No
PROP1,-0.0444,0.8405,0.305,0.8421,0.413,0.428,0.524,No,No,No
SPI1,0.1844,0.8418,0.309,0.7007,0.0917,0.434,0.169,No,No,No
ZNF382,0.1153,0.8423,0.313,0.7402,0.159,0.436,0.261,No,No,No
THRB,-0.5114,0.8425,0.313,0.8671,0.498,0.436,0.604,No,No,No
MLXIP,-0.0662,0.8425,0.311,1.0084,0.968,0.436,0.976,No,No,No
TBX6,-0.019,1.1866,0.314,1.4803,0.0672,0.437,0.132,No,No,No
GRHL3,0.3313,0.8435,0.314,0.7826,0.243,0.437,0.36,No,No,No
ESR1,-0.2752,0.8443,0.317,0.876,0.528,0.44,0.63,No,No,No
TBR1,-0.1343,1.1831,0.32,1.0922,0.674,0.443,0.754,No,No,No
MNT,-0.0343,0.8459,0.323,1.0353,0.868,0.446,0.904,No,No,No
MITF,-0.0245,0.8463,0.324,1.0784,0.721,0.447,0.796,No,No,No
HEY1,0.0172,0.8464,0.325,0.7453,0.164,0.447,0.266,No,No,No
PAX5,-0.0834,1.1808,0.326,1.3043,0.207,0.448,0.322,No,No,No
ID2,-0.1038,1.1793,0.331,1.2788,0.243,0.452,0.36,No,No,No
HOXB7,-0.4936,0.8482,0.331,0.8915,0.584,0.452,0.678,No,No,No
PHF20,-0.0517,1.1783,0.332,1.5985,0.0266,0.453,0.0638,No,No,No
NR0B1,0.2436,1.1766,0.336,1.2658,0.261,0.456,0.376,No,No,No
CREBBP,-0.0343,1.1771,0.336,1.2666,0.259,0.456,0.376,No,No,No
POU3F1,-0.2709,1.1772,0.335,1.2907,0.224,0.456,0.341,No,No,No
ERG,-0.2031,1.1761,0.338,1.2737,0.25,0.458,0.368,No,No,No
MEF2B,-0.2523,0.8515,0.342,0.8751,0.527,0.463,0.63,No,No,No
REL,0.0039,0.8521,0.345,0.8358,0.393,0.465,0.505,No,No,No
HAND2,0.0424,0.8529,0.347,0.7798,0.236,0.467,0.355,No,No,No
GLI2,-0.0523,1.171,0.35,1.4142,0.0988,0.469,0.18,No,No,No
IRX1,0.3589,0.8539,0.35,1.1058,0.634,0.469,0.722,No,No,No
TOX3,-0.0117,0.8532,0.349,0.9736,0.899,0.469,0.926,No,No,No
PRDM1,0.1161,0.8566,0.361,0.8681,0.501,0.483,0.606,No,No,No
NKX6.1,0.2957,1.1659,0.365,1.0036,0.986,0.487,0.987,No,No,No
MEIS2,-0.0221,0.8579,0.365,0.8721,0.515,0.487,0.62,No,No,No
ZIC1,-0.5466,1.1643,0.368,0.8868,0.568,0.49,0.668,No,No,No
ATOH1,-0.247,1.1639,0.37,1.0454,0.832,0.491,0.88,No,No,No
JARID2,0.1043,0.8619,0.38,0.8131,0.326,0.503,0.437,No,No,No
ZNF76,0.067,0.8614,0.38,0.7283,0.138,0.503,0.236,No,No,No
ESRRG,-0.1172,1.1586,0.384,1.2069,0.372,0.507,0.485,No,No,No
SMAD7,-0.0121,1.1582,0.385,1.5373,0.0416,0.507,0.0912,No,No,No
GFI1B,0.0397,0.8653,0.392,0.9048,0.634,0.516,0.722,No,No,No
MYOD1,-0.1099,1.1561,0.395,1.6331,0.0271,0.519,0.0643,No,No,No
IRF7,-0.0758,1.1542,0.397,1.1787,0.434,0.52,0.54,No,No,No
SPIC,0.1789,0.8672,0.401,0.6708,0.061,0.525,0.123,No,No,No
STOX1,-0.1062,0.8722,0.419,0.7672,0.21,0.547,0.323,No,No,No
EGR1,0.1094,0.8733,0.423,1.1642,0.469,0.551,0.576,No,No,No
CLOCK,-0.05,1.1449,0.424,1.2065,0.371,0.551,0.485,No,No,No
TBPL1,0.0304,0.8743,0.429,0.8226,0.356,0.557,0.47,No,No,No
ZXDC,0.0763,0.8766,0.439,0.7975,0.286,0.568,0.401,No,No,No
FOSL2,-0.0937,0.8776,0.44,1.2027,0.38,0.569,0.493,No,No,No
DLX1,0.2183,0.8792,0.447,0.8119,0.324,0.575,0.437,No,No,No
ONECUT1,0.2091,0.8789,0.445,0.9507,0.81,0.575,0.861,No,No,No
ARID5B,-0.1612,1.1378,0.446,1.2337,0.319,0.575,0.434,No,No,No
ELF4,0.0083,1.1347,0.455,1.038,0.858,0.585,0.899,No,No,No
TP73,0.1192,1.1337,0.459,1.0111,0.958,0.589,0.973,No,No,No
NFE2L1,-0.1368,0.8833,0.463,1.0076,0.971,0.591,0.978,No,No,No
PKNOX1,-0.0083,1.1325,0.462,1.2893,0.227,0.591,0.345,No,No,No
HMGA2,-0.5019,0.8835,0.464,0.6915,0.0822,0.592,0.156,No,No,No
MEOX2,0.4225,1.1304,0.469,1.0685,0.752,0.596,0.818,No,No,No
LRRFIP1,-0.0713,1.1298,0.47,1.7506,0.0093,0.598,0.0267,No,Yes,No
MAF,-0.0524,0.8853,0.472,0.743,0.159,0.598,0.261,No,No,No
NFKBIZ,-0.0959,0.8858,0.474,0.7739,0.224,0.6,0.341,No,No,No
TGFB1I1,0.0533,0.8875,0.481,0.8128,0.326,0.606,0.437,No,No,No
MKX,-0.2694,0.8872,0.479,0.933,0.742,0.606,0.81,No,No,No
EP300,0.0057,0.8872,0.481,0.7912,0.272,0.606,0.386,No,No,No
BARX2,0.4455,0.8881,0.483,0.9095,0.651,0.607,0.734,No,No,No
RUNX3,-0.0171,0.8905,0.493,0.7521,0.175,0.614,0.281,No,No,No
ERF,0.0017,1.1234,0.492,1.2607,0.271,0.614,0.384,No,No,No
CUX1,-0.0537,1.1238,0.49,1.0479,0.824,0.614,0.874,No,No,No
ZMYND8,-0.0701,0.8901,0.491,0.8215,0.351,0.614,0.466,No,No,No
TSC22D1,-0.225,1.1231,0.492,1.1932,0.4,0.614,0.51,No,No,No
NRL,0.0107,0.8912,0.496,0.7605,0.193,0.615,0.306,No,No,No
SOX18,0.0125,1.1236,0.494,1.4735,0.0773,0.615,0.148,No,No,No
FHL2,0.0852,0.8913,0.496,1.0236,0.911,0.615,0.935,No,No,No
ZNF148,0.0757,1.1202,0.502,1.2753,0.246,0.621,0.363,No,No,No
NKX2.2,-0.1687,1.1198,0.503,1.0563,0.794,0.622,0.85,No,No,No
HDAC9,-0.231,1.1186,0.508,1.0963,0.662,0.626,0.745,No,No,No
YAP1,0.024,0.8945,0.511,0.7651,0.207,0.629,0.322,No,No,No
GBX2,0.1587,1.116,0.517,1.3784,0.133,0.634,0.231,No,No,No
TFAP2C,-0.5133,0.8965,0.518,1.0698,0.747,0.634,0.813,No,No,No
FOXC2,-0.0324,1.1166,0.518,1.6593,0.0237,0.634,0.0586,No,No,No
HDAC3,0.0268,1.1159,0.517,0.9395,0.768,0.634,0.831,No,No,No
ZNF143,-0.1821,0.8998,0.533,0.9679,0.876,0.651,0.91,No,No,No
UTF1,-0.0305,0.9002,0.535,1.1024,0.649,0.652,0.734,No,No,No
TLX1,-0.4439,0.9024,0.544,0.7779,0.232,0.66,0.351,No,No,No
NUPR1,-0.0056,1.1083,0.543,0.9693,0.882,0.66,0.911,No,No,No
TCF21,0.4341,1.1078,0.545,1.1805,0.429,0.66,0.536,No,No,No
HEY2,0.1697,0.9028,0.546,0.7584,0.194,0.661,0.307,No,No,No
HLF,0.0028,1.1068,0.55,1.8071,0.00667,0.664,0.0203,No,Yes,No
SNAI2,0.1273,0.9047,0.555,1.1135,0.608,0.667,0.701,No,No,No
NR2C2,0.0477,0.9045,0.554,0.9046,0.635,0.667,0.722,No,No,No
MSX1,-0.0763,1.1057,0.553,1.2759,0.253,0.667,0.371,No,No,No
ESRRB,-0.0708,1.1034,0.561,1.3538,0.155,0.674,0.255,No,No,No
IRF4,0.1926,0.9087,0.571,0.7799,0.236,0.684,0.355,No,No,No
TGIF1,0.0592,1.1001,0.573,1.1579,0.484,0.685,0.589,No,No,No
HOXA9,0.2971,1.0981,0.579,1.1423,0.526,0.692,0.63,No,No,No
VHL,-0.1508,1.0968,0.585,0.9025,0.627,0.698,0.719,No,No,No
RFXAP,0.0632,0.9131,0.591,1.0764,0.726,0.701,0.8,No,No,No
SOX5,0.0567,0.9131,0.591,0.7199,0.12,0.701,0.212,No,No,No
POU2F2,0.1005,1.0956,0.589,0.8457,0.426,0.701,0.534,No,No,No
HOXB3,-0.0682,0.9153,0.601,0.7883,0.261,0.712,0.376,No,No,No
DLX3,-0.0523,1.0919,0.605,1.4951,0.0619,0.715,0.124,No,No,No
NHLH1,-0.4299,1.0907,0.608,1.0539,0.803,0.718,0.857,No,No,No
SOX7,-0.201,0.9172,0.609,1.1841,0.42,0.718,0.528,No,No,No
AR,0.1491,1.089,0.615,0.8401,0.411,0.721,0.522,No,No,No
PATZ1,-0.0175,1.0893,0.613,1.2239,0.335,0.721,0.446,No,No,No
NCOR2,0.0399,1.0889,0.615,1.0894,0.684,0.721,0.761,No,No,No
PPARD,-0.0782,1.0882,0.618,1.1267,0.57,0.723,0.669,No,No,No
POU4F3,0.4476,1.0878,0.619,1.0587,0.786,0.723,0.846,No,No,No
SMAD4,0.0673,1.0856,0.627,1.0753,0.729,0.732,0.803,No,No,No
PML,-0.0771,1.0848,0.63,1.3851,0.124,0.733,0.217,No,No,No
TCF7,-0.0596,0.9216,0.63,0.7645,0.204,0.733,0.318,No,No,No
HOXB4,-0.1068,1.0827,0.638,1.2721,0.252,0.741,0.37,No,No,No
RXRA,-0.1115,1.0804,0.647,1.3043,0.209,0.75,0.322,No,No,No
RELB,-0.0272,0.9263,0.651,0.749,0.17,0.753,0.274,No,No,No
ETV7,0.2123,1.0793,0.652,0.8315,0.381,0.753,0.493,No,No,No
NR5A1,0.228,0.927,0.654,0.9582,0.839,0.755,0.886,No,No,No
POU2F3,0.2421,0.9274,0.656,1.0435,0.84,0.756,0.886,No,No,No
FOXL2,0.3967,0.928,0.659,0.9637,0.86,0.758,0.899,No,No,No
NEUROD6,-0.4538,1.0772,0.66,1.3199,0.189,0.758,0.301,No,No,No
MEF2D,0.0317,0.9292,0.664,1.058,0.79,0.761,0.848,No,No,No
HOXB13,-0.1783,1.076,0.665,1.4106,0.105,0.761,0.189,No,No,No
SPIB,-0.0272,0.9298,0.666,0.8929,0.59,0.761,0.683,No,No,No
GATA4,-0.2919,0.932,0.677,0.9909,0.965,0.77,0.976,No,No,No
ZGPAT,-0.0393,1.0734,0.675,0.9589,0.842,0.77,0.887,No,No,No
WT1,0.3575,0.9318,0.676,0.9056,0.637,0.77,0.723,No,No,No
MLXIPL,-0.1811,0.9327,0.681,0.8604,0.474,0.773,0.579,No,No,No
MSC,0.1777,0.9345,0.689,0.7613,0.198,0.78,0.312,No,No,No
JUND,-0.0452,1.07,0.689,1.266,0.263,0.78,0.376,No,No,No
KLF1,0.0895,1.0694,0.692,1.3676,0.141,0.782,0.241,No,No,No
POU3F4,0.052,1.0683,0.697,1.1339,0.549,0.786,0.648,No,No,No
NCOA2,0.2219,0.9379,0.704,0.8223,0.355,0.793,0.47,No,No,No
NOTCH1,0.1149,0.9385,0.707,0.8067,0.31,0.795,0.425,No,No,No
POU3F2,0.135,1.0619,0.723,1.01,0.962,0.812,0.975,No,No,No
ISL1,0.1555,1.06,0.731,1.1227,0.581,0.818,0.677,No,No,No
ARX,0.0578,0.9435,0.731,1.0323,0.879,0.818,0.91,No,No,No
HSF2,0.0461,0.9439,0.733,0.9637,0.86,0.819,0.899,No,No,No
REST,-0.4144,0.9451,0.739,0.8324,0.386,0.825,0.5,No,No,No
HOXB2,0.0147,0.9458,0.742,0.7261,0.13,0.826,0.227,No,No,No
HR,-0.0252,0.9464,0.744,0.9964,0.987,0.827,0.987,No,No,No
NR6A1,-0.5818,1.0567,0.745,1.0565,0.794,0.827,0.85,No,No,No
NR0B2,0.124,1.0551,0.751,1.2942,0.222,0.833,0.34,No,No,No
HDAC4,-0.1114,0.9489,0.757,1.2681,0.261,0.838,0.376,No,No,No
NFATC1,-0.1627,1.0518,0.765,0.9764,0.909,0.845,0.934,No,No,No
FOXN1,0.1108,1.0514,0.767,1.1398,0.534,0.845,0.635,No,No,No
FOXP3,0.2796,0.9513,0.767,0.8031,0.296,0.845,0.41,No,No,No
TFE3,-0.0632,1.0508,0.77,1.0927,0.673,0.845,0.753,No,No,No
CREB1,0.0002,0.9515,0.769,0.7697,0.219,0.845,0.336,No,No,No
MYF6,-0.214,1.0506,0.771,1.0897,0.684,0.846,0.761,No,No,No
MBD1,-0.1049,1.0497,0.774,1.2473,0.292,0.848,0.407,No,No,No
NR1H2,-0.107,1.0491,0.777,1.4517,0.0824,0.85,0.156,No,No,No
PRDM4,0.0044,0.954,0.781,1.1714,0.452,0.852,0.56,No,No,No
KLF8,-0.1623,0.9562,0.791,0.9855,0.944,0.86,0.963,No,No,No
ETV1,-0.1702,1.0459,0.791,1.2219,0.34,0.86,0.452,No,No,No
HOXA5,-0.0325,0.9561,0.79,0.8952,0.597,0.86,0.69,No,No,No
POU2AF1,0.1727,1.0443,0.798,1.1056,0.632,0.864,0.722,No,No,No
TFCP2,-0.0159,0.9574,0.796,0.9063,0.64,0.864,0.724,No,No,No
HOXD13,0.1452,0.9594,0.807,1.37,0.144,0.873,0.244,No,No,No
XBP1,-0.048,1.0418,0.808,0.9195,0.69,0.873,0.766,No,No,No
DACH1,-0.0284,1.0403,0.816,1.0949,0.666,0.877,0.747,No,No,No
NR2C1,0.0313,0.9609,0.814,0.8135,0.331,0.877,0.442,No,No,No
ATF7,-0.353,1.0407,0.814,0.8268,0.369,0.877,0.483,No,No,No
RB1,-0.0267,0.9624,0.82,0.7388,0.153,0.879,0.254,No,No,No
GCM1,0.0321,0.962,0.819,1.1655,0.472,0.879,0.578,No,No,No
NEUROG3,-0.0031,1.0388,0.823,1.4263,0.103,0.881,0.186,No,No,No
TAL1,-0.1792,1.0379,0.827,0.9658,0.868,0.883,0.904,No,No,No
SP2,-0.1112,0.9642,0.83,1.265,0.264,0.883,0.376,No,No,No
BCL11B,-0.1741,0.9642,0.829,0.9797,0.922,0.883,0.941,No,No,No
CREM,-0.418,0.9638,0.827,0.9688,0.88,0.883,0.91,No,No,No
NR1H3,-0.0681,0.9679,0.847,0.8084,0.311,0.9,0.425,No,No,No
LHX1,0.0678,0.9689,0.852,1.2017,0.393,0.903,0.505,No,No,No
SRY,-0.195,1.0321,0.852,0.7929,0.27,0.903,0.384,No,No,No
SETBP1,0.0697,1.031,0.857,0.7573,0.19,0.906,0.302,No,No,No
CREBZF,0.022,0.9717,0.864,0.9393,0.765,0.911,0.829,No,No,No
NFYC,-0.1646,0.9716,0.865,1.0751,0.734,0.911,0.806,No,No,No
FOXN4,0.1056,1.0294,0.864,0.8882,0.573,0.911,0.671,No,No,No
PAX4,0.0194,0.9719,0.866,1.0807,0.714,0.911,0.789,No,No,No
HSF1,-0.0103,1.0278,0.871,1.3616,0.142,0.913,0.242,No,No,No
MYC,-0.5086,1.0279,0.87,1.1062,0.631,0.913,0.722,No,No,No
NFIC,0.0419,0.9759,0.885,1.1041,0.638,0.926,0.723,No,No,No
FOXO4,-0.479,0.976,0.885,1.2378,0.312,0.926,0.425,No,No,No
MAFG,-0.0817,1.0238,0.889,1.246,0.298,0.928,0.411,No,No,No
HOXA1,-0.2329,0.9795,0.903,0.9201,0.692,0.938,0.767,No,No,No
AIRE,-0.0841,1.0215,0.9,0.8342,0.389,0.938,0.502,No,No,No
VDR,-0.0352,0.9794,0.902,1.1241,0.577,0.938,0.674,No,No,No
SMAD2,-0.0819,1.0203,0.906,1.0603,0.781,0.94,0.842,No,No,No
NFIX,-0.0555,0.9809,0.909,1.1592,0.482,0.942,0.587,No,No,No
ARID3B,0.0374,0.9819,0.914,0.7243,0.129,0.945,0.225,No,No,No
HIC1,-0.0817,1.0153,0.928,1.2034,0.379,0.958,0.493,No,No,No
NR3C2,0.3519,0.9851,0.929,0.9345,0.747,0.958,0.813,No,No,No
RARA,-0.0388,0.9858,0.932,1.1887,0.415,0.961,0.525,No,No,No
IRF3,-0.0689,0.9865,0.936,0.694,0.083,0.963,0.156,No,No,No
INSM1,-0.1776,1.0134,0.937,1.0736,0.736,0.963,0.807,No,No,No
ZBTB32,-0.6104,1.0118,0.944,1.1941,0.398,0.968,0.51,No,No,No
TSHZ3,0.0396,0.9898,0.952,0.9252,0.711,0.971,0.787,No,No,No
CEBPE,0.0067,1.0108,0.949,1.1354,0.545,0.971,0.645,No,No,No
MEF2A,-0.032,0.9895,0.95,1.1306,0.558,0.971,0.658,No,No,No
TOX,0.1563,0.9889,0.948,1.2842,0.233,0.971,0.352,No,No,No
SALL2,0.074,1.0093,0.956,1.1536,0.496,0.973,0.602,No,No,No
TBX3,-0.0428,1.0097,0.955,1.0295,0.89,0.973,0.918,No,No,No
SP3,-0.0946,1.0088,0.958,1.2456,0.296,0.973,0.41,No,No,No
CREB3L3,-0.2593,0.993,0.967,0.9875,0.952,0.981,0.969,No,No,No
STAT5A,0.0167,1.0058,0.972,1.3334,0.174,0.984,0.28,No,No,No
SIM2,-0.099,0.9945,0.974,1.0526,0.807,0.984,0.859,No,No,No
HOXB1,0.3993,1.0056,0.973,1.1132,0.61,0.984,0.702,No,No,No
TBX15,0.3516,1.0049,0.977,0.7778,0.234,0.985,0.353,No,No,No
RORC,-0.5743,0.9962,0.982,0.739,0.152,0.986,0.253,No,No,No
BATF,-0.029,0.9961,0.982,0.9425,0.778,0.986,0.841,No,No,No
PAX1,0.4331,1.0043,0.98,0.9784,0.917,0.986,0.938,No,No,No
NCOA3,-0.0411,1.0033,0.984,0.7869,0.254,0.987,0.371,No,No,No
RFX5,0.0337,0.9979,0.99,1.0368,0.863,0.991,0.9,No,No,No
ARID4A,0.0557,1.0013,0.994,0.8543,0.453,0.994,0.561,No,No,No
