TF,median_score,EFS_HR,EFS_p_value,OS_HR,OS_p_value,EFS_q_value,OS_q_value,EFS_significant,OS_significant,both_significant
ZNF143,-0.0114,7.2571,2.8e-23,12.8381,5.42e-19,2.13e-20,1.38e-16,Yes,Yes,Yes
STOX1,-0.1077,6.6194,4.09e-22,11.8346,4.48e-19,1.56e-19,1.38e-16,Yes,Yes,Yes
TFDP3,0.0201,0.1731,3.06e-19,0.1527,9.64e-14,6.93e-17,1.05e-11,Yes,Yes,Yes
MYC,-0.102,5.3566,3.64e-19,6.9129,2.4e-15,6.93e-17,3.65e-13,Yes,Yes,Yes
E2F2,0.0248,5.2912,1.58e-18,9.2012,5.41e-17,2.41e-16,1.03e-14,Yes,Yes,Yes
ZNF395,0.045,5.0499,5.25e-18,11.6311,3.17e-20,6.67e-16,2.42e-17,Yes,Yes,Yes
E2F3,0.0209,4.926,1.37e-17,6.506,2.79e-14,1.5e-15,3.55e-12,Yes,Yes,Yes
SRSF2,0.0375,4.5651,3.27e-16,4.441,1.35e-10,2.77e-14,4.89e-09,Yes,Yes,Yes
KLF7,-0.0044,0.2156,3.17e-16,0.1594,1.14e-13,2.77e-14,1.08e-11,Yes,Yes,Yes
E2F4,0.0443,4.0998,1.03e-14,5.108,5.82e-12,7.84e-13,4.39e-10,Yes,Yes,Yes
E2F1,0.0867,3.9232,4.99e-14,5.0006,1.16e-11,3.45e-12,6.78e-10,Yes,Yes,Yes
E2F5,0.083,3.9839,7.46e-14,4.257,5.16e-10,4.74e-12,1.64e-08,Yes,Yes,Yes
MYCN,-0.0772,3.8097,1.99e-13,4.6565,5.44e-11,1.16e-11,2.44e-09,Yes,Yes,Yes
ZHX2,-0.0038,0.2727,7.49e-13,0.2017,1.62e-11,4.08e-11,8.82e-10,Yes,Yes,Yes
RB1,0.0617,0.2722,9.85e-13,0.245,1.73e-09,5e-11,4.54e-08,Yes,Yes,Yes
SOX10,-0.0662,0.2869,3.2e-12,0.2571,1.48e-09,1.53e-10,4.02e-08,Yes,Yes,Yes
TFDP1,0.0177,3.432,4.44e-12,4.0828,5.79e-10,1.99e-10,1.76e-08,Yes,Yes,Yes
ARID3A,0.1234,3.4898,6.24e-12,5.222,6.87e-12,2.52e-10,4.39e-10,Yes,Yes,Yes
CTBP1,0.0574,0.2834,6.28e-12,0.2272,3.68e-10,2.52e-10,1.22e-08,Yes,Yes,Yes
DNMT3A,-0.0184,3.3818,1.16e-11,5.6388,4.59e-13,4.42e-10,3.88e-11,Yes,Yes,Yes
E2F7,-0.0251,0.2968,1.85e-11,0.2128,9.32e-11,6.7e-10,3.74e-09,Yes,Yes,Yes
HCFC1,0.0406,3.3246,2.16e-11,3.5035,3.14e-08,7.48e-10,7.03e-07,Yes,Yes,Yes
MYBL2,0.0315,3.2723,2.32e-11,3.7829,3.29e-09,7.68e-10,8.36e-08,Yes,Yes,Yes
TBPL2,-0.0107,0.3086,6.58e-11,0.2251,2.54e-10,2.09e-09,8.79e-09,Yes,Yes,Yes
EP300,0.0102,3.1352,2.39e-10,3.6148,3.28e-08,7.28e-09,7.14e-07,Yes,Yes,Yes
IKZF4,-0.0039,0.3278,5.23e-10,0.24,9.38e-10,1.53e-08,2.75e-08,Yes,Yes,Yes
HOPX,0.0259,3.0234,7.08e-10,5.3865,6.91e-12,2e-08,4.39e-10,Yes,Yes,Yes
RFX3,0.0217,2.9224,1.99e-09,5.0341,2.43e-11,5.4e-08,1.24e-09,Yes,Yes,Yes
KLF8,-0.0107,0.3431,2.13e-09,0.2042,5.97e-11,5.59e-08,2.53e-09,Yes,Yes,Yes
MEF2B,-0.0008,0.3491,2.59e-09,0.295,5.36e-08,6.58e-08,1.08e-06,Yes,Yes,Yes
EN1,-0.012,0.364,8.15e-09,0.215,2.89e-11,2e-07,1.38e-09,Yes,Yes,Yes
ESRRB,0.027,0.3617,9.16e-09,0.3474,1.9e-06,2.18e-07,2.42e-05,Yes,Yes,Yes
ZNF76,0.0684,2.7317,9.92e-09,2.9156,1.08e-06,2.29e-07,1.44e-05,Yes,Yes,Yes
TFDP2,0.0094,2.6927,1.57e-08,3.6246,1.82e-08,3.33e-07,4.2e-07,Yes,Yes,Yes
POU4F1,0.0499,0.3663,1.5e-08,0.2985,7.21e-08,3.33e-07,1.37e-06,Yes,Yes,Yes
RORB,0.048,0.3664,1.55e-08,0.3402,1.18e-06,3.33e-07,1.55e-05,Yes,Yes,Yes
FOXI1,0.0156,0.381,3.28e-08,0.3869,1.24e-05,6.75e-07,0.000118,Yes,Yes,Yes
ZNF202,0.0376,2.6158,4.28e-08,3.2847,1.22e-07,8.59e-07,2.06e-06,Yes,Yes,Yes
DNMT3B,0.0157,2.5412,7.63e-08,2.7394,3.23e-06,1.49e-06,3.84e-05,Yes,Yes,Yes
HBP1,-0.0243,0.3905,8.79e-08,0.2891,4.39e-08,1.67e-06,9.1e-07,Yes,Yes,Yes
KLF6,-0.053,0.3947,1.07e-07,0.3258,5.08e-07,2e-06,7.74e-06,Yes,Yes,Yes
TFAM,0.0133,2.5324,1.26e-07,2.4478,5.58e-05,2.23e-06,0.000425,Yes,Yes,Yes
FOXO3,0.0167,0.3925,1.24e-07,0.2521,4.07e-09,2.23e-06,1e-07,Yes,Yes,Yes
BACH1,0.0069,2.4948,1.58e-07,2.3692,5.99e-05,2.74e-06,0.000448,Yes,Yes,Yes
HEY2,0.0399,0.3997,2.23e-07,0.3291,9.03e-07,3.77e-06,1.23e-05,Yes,Yes,Yes
SOX9,0.0382,0.4045,2.38e-07,0.2991,1.09e-07,3.95e-06,1.94e-06,Yes,Yes,Yes
TLX3,-0.0088,0.4011,2.49e-07,0.2902,1.19e-07,4.03e-06,2.06e-06,Yes,Yes,Yes
TCF4,0.1365,0.4032,2.96e-07,0.412,6.59e-05,4.69e-06,0.000483,Yes,Yes,Yes
SMARCA1,0.0042,2.3888,7.08e-07,4.8123,1.05e-10,1.1e-05,4.02e-09,Yes,Yes,Yes
FOXO4,0.0545,0.4192,7.47e-07,0.2573,4.29e-09,1.14e-05,1.02e-07,Yes,Yes,Yes
PPARGC1B,-0.0753,2.3595,8.19e-07,2.6819,5.41e-06,1.22e-05,5.81e-05,Yes,Yes,Yes
HOXC6,-0.0345,0.4196,8.81e-07,0.3243,6.16e-07,1.27e-05,8.86e-06,Yes,Yes,Yes
BHLHE40,-0.0262,0.4255,8.71e-07,0.3682,3.5e-06,1.27e-05,4.11e-05,Yes,Yes,Yes
TRIM28,-0.0869,0.4201,1.06e-06,0.351,4.18e-06,1.5e-05,4.82e-05,Yes,Yes,Yes
MTA2,-0.0041,2.3057,1.35e-06,2.1289,0.000375,1.87e-05,0.00218,Yes,Yes,Yes
ZKSCAN7,-0.0282,2.309,1.42e-06,3.3695,4.42e-08,1.93e-05,9.1e-07,Yes,Yes,Yes
ID4,-0.0424,0.4355,1.8e-06,0.3773,1.01e-05,2.41e-05,9.82e-05,Yes,Yes,Yes
NR0B2,-0.0298,0.4371,2.03e-06,0.2983,1.03e-07,2.66e-05,1.87e-06,Yes,Yes,Yes
ZNF410,0.0714,2.275,2.17e-06,2.4076,4.86e-05,2.81e-05,0.00039,Yes,Yes,Yes
VHL,0.0217,0.435,2.56e-06,0.3032,2.36e-07,3.25e-05,3.81e-06,Yes,Yes,Yes
IRX1,0.0405,2.2607,2.71e-06,2.15,0.000335,3.39e-05,0.00204,Yes,Yes,Yes
TBPL1,0.0352,0.4455,3.93e-06,0.3526,4.64e-06,4.83e-05,5.12e-05,Yes,Yes,Yes
HOXA1,0.039,0.4475,4.03e-06,0.3798,9.7e-06,4.88e-05,9.6e-05,Yes,Yes,Yes
LRRFIP1,-0.0382,0.4509,4.55e-06,0.4177,5.51e-05,5.42e-05,0.000424,Yes,Yes,Yes
TBP,-0.0151,2.19,5.18e-06,2.2828,0.000108,6.08e-05,0.000761,Yes,Yes,Yes
CREBBP,-0.0381,2.1773,5.86e-06,1.8884,0.00276,6.77e-05,0.0109,Yes,Yes,Yes
TCF7L2,-0.0549,2.1825,6.59e-06,2.4003,5.28e-05,7.49e-05,0.000419,Yes,Yes,Yes
NOTCH1,0.0578,0.4576,7.59e-06,0.2886,6.39e-08,8.39e-05,1.25e-06,Yes,Yes,Yes
MAX,-0.0359,2.1787,7.57e-06,2.7476,4.45e-06,8.39e-05,4.99e-05,Yes,Yes,Yes
HOXA11,0.0779,0.4575,8.35e-06,0.2232,9.85e-10,9.08e-05,2.78e-08,Yes,Yes,Yes
MBD2,0.0743,2.1621,8.47e-06,3.0524,5.8e-07,9.09e-05,8.67e-06,Yes,Yes,Yes
HHEX,0.0149,2.1303,1.01e-05,1.9643,0.00144,0.000107,0.00658,Yes,Yes,Yes
ETV1,-0.0331,2.151,1.08e-05,3.0208,7.54e-07,0.000113,1.06e-05,Yes,Yes,Yes
OLIG2,0.0495,2.1336,1.21e-05,2.0727,0.000759,0.000123,0.00399,Yes,Yes,Yes
E2F6,-0.0553,0.4639,1.23e-05,0.3604,5.76e-06,0.000123,6.1e-05,Yes,Yes,Yes
HOXA13,0.0463,2.1295,1.19e-05,2.8606,1.73e-06,0.000123,2.23e-05,Yes,Yes,Yes
MLXIP,0.0079,2.1307,1.39e-05,2.0693,0.000784,0.000134,0.00406,Yes,Yes,Yes
NEUROG1,-0.1507,2.1239,1.38e-05,3.4474,7.37e-08,0.000134,1.37e-06,Yes,Yes,Yes
ETV3,0.016,0.4708,1.38e-05,0.4853,0.000768,0.000134,0.00401,Yes,Yes,Yes
SOX17,-0.0034,0.4756,1.47e-05,0.4916,0.000802,0.000138,0.0041,Yes,Yes,Yes
KLF4,-0.0227,0.4704,1.46e-05,0.4713,0.000559,0.000138,0.00302,Yes,Yes,Yes
POU3F2,0.0572,0.4769,1.7e-05,0.3324,4.85e-07,0.000158,7.55e-06,Yes,Yes,Yes
SP2,0.0623,2.0938,1.85e-05,2.18,0.000305,0.00017,0.00189,Yes,Yes,Yes
ZIC1,0.009,0.4795,1.89e-05,0.4682,0.000358,0.000171,0.00215,Yes,Yes,Yes
ZNF436,0.01,2.0738,2.24e-05,2.5049,2.4e-05,0.000201,0.000208,Yes,Yes,Yes
NEUROG2,0.014,0.4834,2.42e-05,0.4372,0.000122,0.000215,0.000844,Yes,Yes,Yes
ZNF91,0.0381,0.4845,2.74e-05,0.3316,6e-07,0.00024,8.79e-06,Yes,Yes,Yes
SREBF1,-0.0956,2.0485,3.11e-05,2.2123,0.000233,0.000269,0.00148,Yes,Yes,Yes
NFX1,-0.0496,2.0478,3.3e-05,2.6138,8.54e-06,0.000283,8.67e-05,Yes,Yes,Yes
NPM1,0.0329,2.0393,3.52e-05,2.3931,5.48e-05,0.000298,0.000424,Yes,Yes,Yes
FOXP1,-0.0044,0.4914,3.71e-05,0.5567,0.00566,0.000311,0.02,Yes,Yes,Yes
ZEB2,-0.0485,2.0386,3.84e-05,2.609,1.19e-05,0.000318,0.000114,Yes,Yes,Yes
TWIST2,0.0001,0.4918,4.06e-05,0.511,0.00172,0.000331,0.00726,Yes,Yes,Yes
UBTF,-0.035,2.0234,4.08e-05,2.4873,2.51e-05,0.000331,0.000215,Yes,Yes,Yes
ZNF354C,-0.0555,0.4939,4.51e-05,0.3622,5.02e-06,0.000362,5.46e-05,Yes,Yes,Yes
HOXA5,-0.0238,0.4906,4.86e-05,0.3185,8.18e-07,0.000382,1.13e-05,Yes,Yes,Yes
HDGF,0.0457,2.0158,4.81e-05,2.673,6.91e-06,0.000382,7.12e-05,Yes,Yes,Yes
GTF3A,-0.068,2.0165,5e-05,1.9068,0.00262,0.000389,0.0103,Yes,Yes,Yes
ATF5,-0.0321,2.0162,5.12e-05,3.2823,1.25e-07,0.000394,2.06e-06,Yes,Yes,Yes
YBX3,-0.0116,2.0146,5.2e-05,1.941,0.00197,0.000396,0.00814,Yes,Yes,Yes
FOXA1,0.0087,2.0244,5.29e-05,2.5765,2.91e-05,0.000399,0.000238,Yes,Yes,Yes
TOX3,0.0751,0.4941,5.34e-05,0.5339,0.00397,0.000399,0.0148,Yes,Yes,Yes
RXRB,-0.0123,0.5015,6.68e-05,0.4692,0.000464,0.000493,0.00252,Yes,Yes,Yes
GLI2,-0.0718,1.9828,6.73e-05,2.3569,7.46e-05,0.000493,0.000542,Yes,Yes,Yes
ZFPM1,0.0397,1.9872,6.93e-05,2.7483,4.42e-06,0.000503,4.99e-05,Yes,Yes,Yes
REST,0.0402,1.9751,7.16e-05,1.9564,0.00155,0.000515,0.0067,Yes,Yes,Yes
HOXB2,-0.045,0.5049,7.46e-05,0.3849,1.29e-05,0.000532,0.000121,Yes,Yes,Yes
KDM5D,-0.0756,0.5064,7.92e-05,0.3978,2.67e-05,0.000559,0.000223,Yes,Yes,Yes
ZNF350,0.0615,1.9439,0.000118,1.8911,0.00298,0.000826,0.0116,Yes,Yes,Yes
MTF2,-0.0725,1.9377,0.000119,2.2557,0.000179,0.000826,0.00116,Yes,Yes,Yes
SMAD6,0.0225,0.5175,0.000128,0.5259,0.00257,0.000878,0.0103,Yes,Yes,Yes
HNF4G,-0.0835,0.5199,0.000135,0.4191,5.87e-05,0.000919,0.000443,Yes,Yes,Yes
HINFP,-0.0019,1.9176,0.000136,1.9439,0.00158,0.00092,0.00678,Yes,Yes,Yes
FOXM1,-0.0882,1.9176,0.000163,1.9647,0.00172,0.00108,0.00726,Yes,Yes,Yes
TWIST1,-0.0561,0.5185,0.000161,0.3631,6.81e-06,0.00108,7.11e-05,Yes,Yes,Yes
RUNX1,0.0106,0.5238,0.000171,0.4599,0.000321,0.00112,0.00197,Yes,Yes,Yes
ZNF331,-0.0011,0.5259,0.000178,0.6012,0.0165,0.00116,0.0478,Yes,Yes,Yes
NCOA6,0.0083,0.5252,0.000186,0.5657,0.00721,0.00119,0.0248,Yes,Yes,Yes
NFYA,0.0057,1.8996,0.000184,1.6103,0.0243,0.00119,0.064,Yes,No,No
POU3F4,-0.0048,0.5277,0.000188,0.4229,5.42e-05,0.0012,0.000424,Yes,Yes,Yes
KLF13,-0.0447,0.5243,0.000196,0.4993,0.00149,0.00124,0.00664,Yes,Yes,Yes
THRA,-0.0101,0.5303,0.000209,0.5131,0.00167,0.0013,0.00711,Yes,Yes,Yes
ARID1B,-0.0318,1.9019,0.000209,2.9356,2.05e-06,0.0013,2.56e-05,Yes,Yes,Yes
VENTX,-0.0105,1.8891,0.000221,2.8953,2.13e-06,0.00135,2.62e-05,Yes,Yes,Yes
FOXO1,-0.0585,0.5305,0.00022,0.3898,1.72e-05,0.00135,0.000154,Yes,Yes,Yes
PAX2,0.0208,0.5323,0.000227,0.57,0.00758,0.00136,0.0259,Yes,Yes,Yes
AHRR,0.0975,1.8863,0.000227,2.1559,0.000416,0.00136,0.00237,Yes,Yes,Yes
GATA2,-0.0105,0.5341,0.000246,0.4987,0.00109,0.00146,0.0053,Yes,Yes,Yes
POU4F2,0.0045,0.5319,0.000247,0.4325,0.000111,0.00146,0.000776,Yes,Yes,Yes
NR4A2,0.0477,0.5321,0.000249,0.5033,0.00134,0.00146,0.00618,Yes,Yes,Yes
NFATC3,-0.0674,0.5363,0.000259,0.5166,0.00184,0.00151,0.00766,Yes,Yes,Yes
SALL4,0.0202,0.534,0.000272,0.4433,0.000179,0.00157,0.00116,Yes,Yes,Yes
RXRG,-0.0901,0.5382,0.00028,0.5097,0.00156,0.00161,0.0067,Yes,Yes,Yes
ZNF160,0.0681,1.8549,0.00031,2.0231,0.001,0.00176,0.00499,Yes,Yes,Yes
PBRM1,0.0191,1.8551,0.000322,2.1476,0.000369,0.00182,0.00216,Yes,Yes,Yes
ARID4B,0.1319,1.8486,0.000345,1.7711,0.00718,0.00193,0.0248,Yes,Yes,Yes
FOXP3,0.0033,0.546,0.000408,0.3523,2.59e-06,0.00227,3.14e-05,Yes,Yes,Yes
PHOX2A,0.1005,0.545,0.000431,0.4861,0.000796,0.00238,0.0041,Yes,Yes,Yes
HDAC5,0.0374,1.8173,0.000453,1.7919,0.00579,0.00249,0.0204,Yes,Yes,Yes
TBX10,-0.0264,0.548,0.000461,0.6567,0.0465,0.00251,0.108,Yes,No,No
LMO4,-0.0162,1.8365,0.000467,2.573,2.4e-05,0.00252,0.000208,Yes,Yes,Yes
ESRRA,0.0207,0.5517,0.000486,0.6634,0.0508,0.00261,0.117,Yes,No,No
AEBP1,-0.0403,0.5507,0.000517,0.3888,1.63e-05,0.00276,0.000148,Yes,Yes,Yes
IKZF3,-0.017,0.5494,0.000537,0.3729,9.66e-06,0.00284,9.6e-05,Yes,Yes,Yes
TLX1,0.0138,0.5535,0.000543,0.6495,0.0403,0.00285,0.0967,Yes,No,No
ATF3,0.0068,0.5534,0.000553,0.5443,0.0042,0.00289,0.0155,Yes,Yes,Yes
PRDM1,0.0151,0.5548,0.000586,0.5351,0.00338,0.00301,0.013,Yes,Yes,Yes
NFIB,0.0111,0.5545,0.000585,0.6244,0.0257,0.00301,0.0667,Yes,No,No
KDM2A,-0.0586,0.5505,0.000595,0.4973,0.00154,0.00304,0.0067,Yes,Yes,Yes
HDAC9,-0.0285,1.8037,0.000627,3.2961,2.4e-07,0.00318,3.81e-06,Yes,Yes,Yes
RBPJ,-0.0574,0.5587,0.000657,0.5672,0.0074,0.00327,0.0254,Yes,Yes,Yes
HOXB7,0.0537,1.7949,0.000654,2.2287,0.000186,0.00327,0.00119,Yes,Yes,Yes
MAZ,0.0613,0.5575,0.000651,0.5246,0.00249,0.00327,0.01,Yes,Yes,Yes
GFI1B,-0.0266,0.5594,0.000702,0.4393,0.000151,0.00347,0.00102,Yes,Yes,Yes
PAX3,-0.0143,0.562,0.000746,0.4412,0.000147,0.00367,0.001,Yes,Yes,Yes
RFXANK,-0.0195,0.5614,0.000756,0.4944,0.000988,0.00369,0.00495,Yes,Yes,Yes
SMARCB1,-0.0271,1.7834,0.000801,2.1124,0.000671,0.00389,0.00357,Yes,Yes,Yes
MEIS1,-0.002,1.7737,0.000825,1.8581,0.0039,0.00398,0.0146,Yes,Yes,Yes
HAND2,0.0715,0.5664,0.000862,0.4312,8.43e-05,0.00413,0.000606,Yes,Yes,Yes
PAX6,-0.0104,0.5651,0.000903,0.5496,0.00534,0.0043,0.0191,Yes,Yes,Yes
PBX1,0.0109,0.568,0.000911,0.466,0.000348,0.00431,0.0021,Yes,Yes,Yes
HEY1,-0.0626,0.5647,0.000929,0.4311,0.000161,0.00437,0.00107,Yes,Yes,Yes
CTBP2,-0.0267,0.5718,0.00102,0.6139,0.0206,0.00476,0.0569,Yes,No,No
PATZ1,0.0188,1.7513,0.00113,2.3612,9.64e-05,0.00524,0.000687,Yes,Yes,Yes
MIXL1,0.0034,1.7425,0.00117,1.9756,0.00147,0.00539,0.00662,Yes,Yes,Yes
KLF17,0.0253,1.7386,0.00118,1.6192,0.0227,0.00542,0.0607,Yes,No,No
HSF2,-0.028,1.747,0.00119,2.2964,0.000167,0.00542,0.0011,Yes,Yes,Yes
EZH2,-0.0477,1.7267,0.00141,2.0283,0.00101,0.00641,0.00502,Yes,Yes,Yes
BARX2,-0.0094,0.5775,0.00143,0.4037,3.64e-05,0.00644,0.000295,Yes,Yes,Yes
RFX1,0.0512,0.5808,0.00144,0.5497,0.00485,0.00646,0.0175,Yes,Yes,Yes
FOSL1,0.0011,1.7233,0.00147,1.6963,0.0127,0.00656,0.0398,Yes,Yes,Yes
THAP11,0.0055,1.7185,0.00156,2.0779,0.00067,0.00693,0.00357,Yes,Yes,Yes
CREB3L3,-0.0126,1.7151,0.00161,1.6396,0.0199,0.00708,0.055,Yes,No,No
CLOCK,-0.0624,0.5829,0.00166,0.5772,0.00988,0.00729,0.0323,Yes,Yes,Yes
HAND1,-0.042,0.5867,0.0017,0.6761,0.0623,0.0074,0.135,Yes,No,No
SATB1,0.0482,0.5878,0.00197,0.4644,0.000426,0.00852,0.00237,Yes,Yes,Yes
ATF7,0.0024,0.5905,0.00202,0.5397,0.00367,0.00871,0.014,Yes,Yes,Yes
PAX9,-0.0082,1.694,0.00207,1.9927,0.00136,0.00886,0.00626,Yes,Yes,Yes
ARID1A,-0.0179,0.5934,0.00218,0.5498,0.00468,0.00927,0.0171,Yes,Yes,Yes
TBX5,0.0781,0.5966,0.00245,0.7207,0.118,0.0104,0.225,Yes,No,No
KCNIP3,-0.0156,1.6737,0.00251,1.7231,0.01,0.0106,0.0326,Yes,Yes,Yes
IRF1,-0.0423,0.5993,0.00271,0.4649,0.000391,0.0114,0.00226,Yes,Yes,Yes
AIRE,-0.0052,0.5998,0.00276,0.5725,0.0088,0.0115,0.0293,Yes,Yes,Yes
TBX6,-0.0878,0.6055,0.00313,0.7664,0.206,0.013,0.333,Yes,No,No
ZNF217,-0.0202,1.653,0.00319,1.6114,0.0236,0.0131,0.0625,Yes,No,No
GATA5,-0.0103,0.6061,0.00323,0.6187,0.0224,0.0132,0.0602,Yes,No,No
FEZF2,0.0517,1.65,0.0033,2.1203,0.000463,0.0133,0.00252,Yes,Yes,Yes
HNF4A,-0.1117,0.6062,0.0033,0.6338,0.0307,0.0133,0.0764,Yes,No,No
NR1I2,-0.0975,0.6069,0.0033,0.4677,0.000398,0.0133,0.00228,Yes,Yes,Yes
HOXB4,0.0156,1.6498,0.00342,1.9854,0.00128,0.0137,0.00606,Yes,Yes,Yes
ERF,0.0414,1.6437,0.0035,1.5595,0.0345,0.014,0.0841,Yes,No,No
TBX15,0.0224,1.6381,0.0037,1.4428,0.0806,0.0147,0.166,Yes,No,No
PIAS1,-0.1197,0.6104,0.00371,0.4972,0.00102,0.0147,0.00503,Yes,Yes,Yes
FOXD3,0.0138,0.6104,0.00385,0.4606,0.000366,0.0151,0.00216,Yes,Yes,Yes
BCL11A,-0.0503,0.6097,0.00388,0.4604,0.000363,0.0152,0.00216,Yes,Yes,Yes
HIVEP3,-0.0605,0.613,0.00395,0.5159,0.00174,0.0154,0.00729,Yes,Yes,Yes
MXI1,-0.0231,0.6122,0.0042,0.7941,0.274,0.0161,0.409,Yes,No,No
KMT2B,-0.0297,1.6263,0.00419,1.6828,0.0138,0.0161,0.0417,Yes,Yes,Yes
MYOD1,-0.0026,0.6142,0.00425,0.6804,0.0677,0.0163,0.144,Yes,No,No
PRDM4,-0.0501,0.6134,0.00434,0.4983,0.00132,0.0165,0.00613,Yes,Yes,Yes
HOXB13,0.0041,1.6318,0.00439,2.344,0.000131,0.0166,0.000899,Yes,Yes,Yes
RFX2,0.0318,1.6246,0.00463,1.9376,0.00216,0.0175,0.00885,Yes,Yes,Yes
MYT1,0.0089,0.6189,0.00485,0.5288,0.00261,0.0182,0.0103,Yes,Yes,Yes
HSF1,-0.1347,0.6192,0.00494,0.7542,0.179,0.0184,0.299,Yes,No,No
GBX2,-0.0263,1.6168,0.00495,2.644,1.33e-05,0.0184,0.000124,Yes,Yes,Yes
HOXD1,-0.0138,0.6181,0.005,0.4109,6.21e-05,0.0185,0.00046,Yes,Yes,Yes
NKX2.5,-0.0049,0.6211,0.00511,0.6224,0.0246,0.0188,0.0641,Yes,No,No
RFXAP,0.0082,0.6214,0.00527,0.6148,0.0214,0.0193,0.0583,Yes,No,No
SPDEF,-0.0169,0.6246,0.00552,0.5929,0.0128,0.0201,0.0398,Yes,Yes,Yes
POU2F1,0.0248,1.6075,0.00564,2.0186,0.00119,0.0204,0.00569,Yes,Yes,Yes
IKZF2,0.0028,0.6257,0.00576,0.6174,0.0221,0.0208,0.0598,Yes,No,No
SALL2,-0.0651,1.5988,0.00605,2.5533,2.28e-05,0.0218,0.000202,Yes,Yes,Yes
YY1,0.0354,0.624,0.00611,0.43,0.000153,0.0218,0.00102,Yes,Yes,Yes
EBF3,-0.0266,0.6266,0.00614,0.6626,0.0514,0.0219,0.117,Yes,No,No
NKX6.2,-0.055,0.6288,0.00631,0.7302,0.134,0.0224,0.246,Yes,No,No
POU4F3,-0.05,0.628,0.00655,0.4584,0.000303,0.0231,0.00189,Yes,Yes,Yes
NOTO,0.0233,0.6291,0.0066,0.5028,0.00131,0.0231,0.00613,Yes,Yes,Yes
ARID4A,-0.0024,1.5961,0.00658,1.6622,0.0178,0.0231,0.0502,Yes,No,No
NR0B1,0.0586,1.5846,0.00686,1.5135,0.0492,0.0239,0.113,Yes,No,No
KLF3,-0.0639,0.6319,0.00697,0.5757,0.00947,0.0242,0.0312,Yes,Yes,Yes
NR2E1,0.006,0.6326,0.00731,0.5954,0.0145,0.0252,0.0434,Yes,Yes,Yes
FOXN4,-0.0121,0.6336,0.00747,0.6637,0.0522,0.0256,0.118,Yes,No,No
FOXL2,0.026,0.6346,0.00762,0.6594,0.0488,0.026,0.113,Yes,No,No
RFX5,-0.0226,0.6364,0.00795,0.5987,0.0152,0.027,0.045,Yes,Yes,Yes
MXD1,0.0571,1.5762,0.00802,1.4774,0.0657,0.0272,0.142,Yes,No,No
DAXX,0.0845,1.5674,0.00805,1.5822,0.0291,0.0272,0.074,Yes,No,No
RREB1,0.0664,1.5727,0.00813,2.1537,0.000425,0.0273,0.00237,Yes,Yes,Yes
OLIG1,0.0183,0.6366,0.00816,0.7023,0.0941,0.0273,0.187,Yes,No,No
TFAP2D,-0.0028,0.6385,0.00821,0.5492,0.0045,0.0273,0.0166,Yes,Yes,Yes
IRF7,-0.0251,0.6387,0.00832,0.6533,0.0432,0.0275,0.102,Yes,No,No
MYF6,-0.0018,1.5621,0.0087,1.4757,0.0646,0.0286,0.14,Yes,No,No
PAX1,0.0594,1.5602,0.00876,1.5135,0.0488,0.0286,0.113,Yes,No,No
PURA,0.0134,0.64,0.00877,0.4839,0.000733,0.0286,0.00388,Yes,Yes,Yes
NR1D2,-0.0151,0.6369,0.00879,0.3701,1.37e-05,0.0286,0.000126,Yes,Yes,Yes
RORC,0.056,0.6415,0.00915,0.5474,0.00457,0.0297,0.0168,Yes,Yes,Yes
NSD2,0.0127,1.554,0.00932,1.3286,0.175,0.0301,0.293,Yes,No,No
TRPS1,-0.0067,0.6428,0.00964,0.5341,0.00346,0.031,0.0133,Yes,Yes,Yes
MZF1,0.0266,0.6429,0.00985,0.5356,0.00385,0.0316,0.0145,Yes,Yes,Yes
PPARG,-0.0598,1.5563,0.00998,1.82,0.00564,0.0318,0.02,Yes,Yes,Yes
SFPQ,-0.0207,0.6451,0.0101,0.6054,0.0177,0.0319,0.05,Yes,No,No
MAML1,0.0414,0.6467,0.0105,0.5753,0.0094,0.0331,0.0311,Yes,Yes,Yes
TADA2A,-0.0509,0.6475,0.0107,0.6201,0.0245,0.0337,0.0641,Yes,No,No
GATA3,0.0808,0.6476,0.011,0.5189,0.00236,0.0344,0.00957,Yes,Yes,Yes
DMAP1,0.0014,1.546,0.0112,2.0029,0.00149,0.0349,0.00664,Yes,Yes,Yes
EMX2,0.0654,0.6525,0.0119,0.6411,0.0346,0.0371,0.0841,Yes,No,No
FEV,0.0033,0.6525,0.0123,0.5008,0.00116,0.038,0.00563,Yes,Yes,Yes
CTNNB1,-0.0018,0.6542,0.0126,0.6002,0.0158,0.0389,0.0464,Yes,Yes,Yes
MNX1,-0.0587,0.6543,0.0128,0.6837,0.072,0.039,0.151,Yes,No,No
BCL11B,0.0268,0.6544,0.0128,0.4977,0.00119,0.039,0.00569,Yes,Yes,Yes
JUND,-0.0327,0.6543,0.0128,0.6721,0.0592,0.039,0.131,Yes,No,No
TEAD2,-0.0233,1.5241,0.0129,1.7361,0.0086,0.039,0.0289,Yes,Yes,Yes
ELK3,-0.0073,0.6551,0.0129,0.5836,0.0111,0.039,0.0357,Yes,Yes,Yes
KDM5C,-0.0698,1.5216,0.0132,1.5247,0.044,0.0399,0.103,Yes,No,No
SUPT20H,-0.0498,0.6568,0.0135,0.5773,0.00957,0.0402,0.0314,Yes,Yes,Yes
NFKBIB,-0.0442,0.6567,0.0134,0.5919,0.0131,0.0402,0.0401,Yes,Yes,Yes
HDAC1,0.0393,0.6584,0.014,0.6623,0.0511,0.0416,0.117,Yes,No,No
SSRP1,-0.0765,0.663,0.0157,0.6347,0.0312,0.0466,0.0774,Yes,No,No
SOX5,0.0681,1.5076,0.0163,2.5096,2.79e-05,0.0482,0.000231,Yes,Yes,Yes
EOMES,0.0383,0.6674,0.0175,0.6863,0.0749,0.0512,0.156,No,No,No
SP4,-0.0916,1.4978,0.0174,1.5697,0.0321,0.0512,0.0789,No,No,No
KLF12,-0.0141,0.668,0.0182,0.4629,0.000453,0.0532,0.0025,No,Yes,No
NONO,0.0447,1.4943,0.0184,1.9558,0.00201,0.0534,0.00829,No,Yes,No
NFE2L3,0.005,0.6706,0.0184,0.7381,0.148,0.0534,0.262,No,No,No
PLAGL1,-0.0706,0.6694,0.0186,0.6045,0.0183,0.0536,0.0512,No,No,No
NEUROG3,0.0499,0.672,0.0189,0.8273,0.367,0.0544,0.504,No,No,No
TGIF1,0.0464,1.4878,0.0193,1.2545,0.281,0.0549,0.418,No,No,No
TBX20,-0.0021,1.4922,0.0192,1.5135,0.0516,0.0549,0.117,No,No,No
PREB,0.0148,0.6743,0.0199,0.5961,0.014,0.0565,0.0422,No,Yes,No
NR4A1,-0.084,0.6733,0.02,0.5839,0.0115,0.0567,0.0369,No,Yes,No
MKX,-0.027,0.6747,0.0202,0.7597,0.19,0.057,0.313,No,No,No
DMTF1,-0.115,0.675,0.0204,0.8222,0.351,0.0572,0.489,No,No,No
NR2E3,0.0221,0.6745,0.0204,0.5621,0.00649,0.0572,0.0227,No,Yes,No
TBX21,-0.0889,0.6743,0.0205,0.5722,0.00872,0.0573,0.0291,No,Yes,No
SPI1,-0.0721,0.675,0.0207,0.6111,0.0198,0.0574,0.055,No,No,No
CREB3,-0.0635,1.4823,0.0214,1.4434,0.0837,0.0591,0.17,No,No,No
TCF15,-0.062,1.4818,0.0214,2.255,0.000234,0.0591,0.00148,No,Yes,No
HOXC13,-0.0491,0.675,0.0219,0.481,0.000881,0.0601,0.00445,No,Yes,No
NCOA2,-0.0055,0.6753,0.022,0.5349,0.00406,0.0604,0.0151,No,Yes,No
GATA4,-0.0727,0.6784,0.0223,0.7283,0.131,0.0609,0.244,No,No,No
MSC,-0.0029,0.6775,0.0224,0.5306,0.00335,0.0609,0.0129,No,Yes,No
MYOG,0.0015,0.6794,0.0225,0.6034,0.0165,0.0611,0.0478,No,Yes,No
YAP1,-0.0542,1.474,0.0229,1.3884,0.12,0.0619,0.227,No,No,No
BATF,-0.0863,0.6806,0.0231,0.6748,0.061,0.0623,0.134,No,No,No
DACH1,0.1017,1.4676,0.0245,1.5009,0.0556,0.0656,0.124,No,No,No
GATA6,-0.0369,0.6837,0.0249,0.68,0.0664,0.0666,0.142,No,No,No
ISL1,0.0172,0.6838,0.0251,0.8906,0.581,0.0668,0.702,No,No,No
CREBZF,0.0007,1.4632,0.0253,1.6989,0.0128,0.0671,0.0398,No,Yes,No
MTA3,-0.0177,1.4596,0.0264,1.3998,0.11,0.0695,0.213,No,No,No
PROP1,-0.023,0.6862,0.0264,0.7401,0.152,0.0695,0.267,No,No,No
NEUROD1,0.0607,0.6859,0.0264,0.7554,0.183,0.0695,0.303,No,No,No
POU2F3,-0.0352,1.4555,0.027,1.4661,0.0687,0.0707,0.145,No,No,No
NFYC,-0.066,0.6894,0.0284,0.8044,0.299,0.0737,0.438,No,No,No
LHX8,-0.0481,1.4538,0.0282,1.8698,0.00378,0.0737,0.0143,No,Yes,No
NR2C2,-0.0253,0.6889,0.0286,0.6122,0.0209,0.0742,0.0574,No,No,No
YBX1,-0.1043,0.6907,0.0294,0.5965,0.0149,0.0759,0.0445,No,Yes,No
HMGA2,-0.0173,1.4481,0.0297,1.9847,0.00146,0.0763,0.00662,No,Yes,No
PKNOX1,-0.0263,0.6921,0.03,0.5258,0.00258,0.0771,0.0103,No,Yes,No
IRF4,-0.0643,0.6927,0.0304,0.6976,0.0868,0.0777,0.174,No,No,No
NFIC,-0.0444,0.6925,0.0306,0.5998,0.0158,0.078,0.0464,No,Yes,No
CIITA,-0.0476,0.6943,0.0318,0.583,0.0109,0.0808,0.0353,No,Yes,No
TFAP2B,-0.0406,0.6946,0.032,0.5192,0.00223,0.0811,0.00908,No,Yes,No
NHLH2,0.0181,1.4346,0.0333,1.5407,0.0406,0.0841,0.0969,No,No,No
NPAS2,0.0266,0.6984,0.0344,0.7388,0.15,0.0866,0.265,No,No,No
PA2G4,0.0776,0.6977,0.0349,0.6284,0.0296,0.0873,0.075,No,No,No
SOX18,-0.0155,0.6988,0.0349,0.6702,0.0582,0.0873,0.129,No,No,No
FOSB,0.0467,0.7014,0.0369,0.6011,0.0165,0.092,0.0478,No,Yes,No
NFKBIZ,-0.0994,0.702,0.0374,0.6051,0.0175,0.0923,0.05,No,No,No
NCOR2,-0.0444,1.4234,0.0374,1.268,0.258,0.0923,0.391,No,No,No
LMX1A,0.0379,0.7026,0.0374,0.7762,0.227,0.0923,0.358,No,No,No
IRF5,-0.0014,0.7025,0.0378,0.6431,0.0365,0.0929,0.0885,No,No,No
EWSR1,0.0231,1.4208,0.0384,1.302,0.208,0.0941,0.336,No,No,No
DLX2,-0.0184,1.4228,0.0388,2.5605,2.66e-05,0.0949,0.000223,No,Yes,No
ZNF148,-0.0703,1.4184,0.0396,1.4891,0.0582,0.0962,0.129,No,No,No
GFI1,0.0086,0.7053,0.0396,0.5482,0.00473,0.0962,0.0172,No,Yes,No
EGR3,-0.0432,0.7052,0.0403,0.6378,0.0345,0.0975,0.0841,No,No,No
HDAC3,-0.0549,1.4163,0.0407,1.2652,0.264,0.0977,0.396,No,No,No
SP7,-0.0733,0.706,0.0406,0.8671,0.497,0.0977,0.633,No,No,No
KLF2,-0.0543,0.7083,0.0418,0.6476,0.039,0.1,0.0941,No,No,No
KAT6A,0.0042,0.7076,0.0422,0.6286,0.0297,0.101,0.075,No,No,No
MAFB,-0.0078,0.7081,0.0423,0.5498,0.00511,0.101,0.0184,No,Yes,No
STAT6,-0.0084,0.7099,0.0438,0.7892,0.26,0.102,0.393,No,No,No
EGR1,-0.0543,0.7097,0.0433,0.728,0.131,0.102,0.244,No,No,No
NUPR1,-0.0099,1.4066,0.0438,1.9551,0.00155,0.102,0.0067,No,Yes,No
OTX2,-0.0194,0.7102,0.0432,0.776,0.226,0.102,0.358,No,No,No
NKX3.2,0.0986,1.406,0.0439,1.4952,0.0555,0.102,0.124,No,No,No
ZGLP1,0.0706,0.7098,0.0435,0.5928,0.0133,0.102,0.0406,No,Yes,No
ZFX,-0.0287,0.7097,0.0436,0.5943,0.0152,0.102,0.045,No,Yes,No
ZBTB16,-0.0746,0.7105,0.044,0.6625,0.0522,0.102,0.118,No,No,No
HOXA10,0.0416,1.4061,0.0449,1.3717,0.134,0.104,0.246,No,No,No
NR1H4,-0.1031,0.7111,0.0449,0.5769,0.0102,0.104,0.033,No,Yes,No
TP63,-0.1171,0.7113,0.0451,0.5861,0.0121,0.104,0.0386,No,Yes,No
ASCL1,0.0437,0.7141,0.0471,0.806,0.304,0.108,0.441,No,No,No
HOXD13,0.0039,0.715,0.0485,0.7866,0.254,0.111,0.388,No,No,No
ZNF384,-0.0644,1.3967,0.049,1.35,0.154,0.111,0.268,No,No,No
KLF11,0.0505,0.716,0.0489,0.7813,0.24,0.111,0.373,No,No,No
TTF1,0.0096,0.7168,0.0494,0.6857,0.0727,0.112,0.152,No,No,No
HOXA4,-0.0233,0.7168,0.0498,0.6171,0.0225,0.113,0.0602,No,No,No
MTF1,-0.1027,1.3952,0.0507,1.3513,0.154,0.114,0.268,No,No,No
KLF10,-0.0356,0.718,0.0504,0.5929,0.0134,0.114,0.0406,No,Yes,No
APEX1,-0.0088,1.3929,0.0513,1.3338,0.173,0.115,0.29,No,No,No
CREB5,-0.0341,1.3933,0.0516,1.9968,0.00132,0.115,0.00613,No,Yes,No
GRHL2,-0.1419,1.3921,0.0523,2.0092,0.00119,0.116,0.00569,No,Yes,No
ZNF382,-0.043,1.386,0.055,1.6172,0.0243,0.122,0.064,No,No,No
ETS2,0.0055,0.7228,0.0559,0.7209,0.121,0.124,0.229,No,No,No
HLF,0.0331,1.3838,0.0567,1.3548,0.152,0.125,0.267,No,No,No
NFYB,-0.0198,0.7239,0.057,0.7814,0.24,0.126,0.373,No,No,No
NCOR1,-0.0193,1.3785,0.0583,1.4715,0.0667,0.128,0.142,No,No,No
DLX3,0.0006,0.7255,0.0592,0.8098,0.316,0.13,0.451,No,No,No
ZGPAT,-0.0928,0.7282,0.0606,0.7767,0.229,0.132,0.36,No,No,No
WWTR1,-0.0177,1.3742,0.0613,1.2326,0.319,0.133,0.454,No,No,No
AP1,-0.0693,0.7307,0.0647,0.613,0.0212,0.14,0.058,No,No,No
PRRX1,0.0159,1.3664,0.0657,1.3942,0.114,0.142,0.219,No,No,No
SETBP1,-0.0325,1.3661,0.0667,1.5377,0.0432,0.144,0.102,No,No,No
EGR2,-0.0945,0.7333,0.0678,0.6783,0.0663,0.146,0.142,No,No,No
VEZF1,-0.0564,0.7348,0.0686,0.6055,0.0172,0.147,0.0495,No,Yes,No
TET1,0.059,1.362,0.0688,1.2174,0.349,0.147,0.487,No,No,No
LYL1,-0.0239,1.3611,0.0692,1.5306,0.0438,0.148,0.103,No,No,No
HIVEP2,-0.0088,0.7361,0.0712,0.6025,0.0175,0.151,0.05,No,No,No
HSF4,-0.071,1.362,0.0709,1.7232,0.0122,0.151,0.0388,No,Yes,No
NR1I3,-0.085,0.7377,0.0725,0.9063,0.64,0.153,0.753,No,No,No
MEF2D,-0.0581,0.7388,0.0742,0.6509,0.0421,0.157,0.0997,No,No,No
ASXL1,-0.0405,1.352,0.0758,1.3057,0.207,0.158,0.335,No,No,No
HES5,0.0306,0.7388,0.0758,0.5645,0.00831,0.158,0.0282,No,Yes,No
FOXF1,0.0012,0.7404,0.0756,0.6892,0.0757,0.158,0.157,No,No,No
ZBTB7A,-0.0089,0.7394,0.0755,0.7352,0.145,0.158,0.26,No,No,No
AR,-0.009,0.74,0.0768,0.6005,0.0168,0.16,0.0485,No,Yes,No
JUN,-0.0437,0.7404,0.0768,0.6227,0.0258,0.16,0.0668,No,No,No
MYF5,-0.0111,0.7424,0.0784,0.7775,0.231,0.161,0.362,No,No,No
OVOL1,0.0185,0.74,0.0775,0.6417,0.0392,0.161,0.0943,No,No,No
MAFG,0.0346,0.741,0.0781,0.5878,0.0131,0.161,0.0401,No,Yes,No
TP73,-0.0384,0.7418,0.0786,0.7554,0.184,0.162,0.305,No,No,No
PROX1,0.0574,0.7422,0.0797,0.694,0.0851,0.163,0.172,No,No,No
ELK1,-0.0364,1.346,0.0813,1.9033,0.00308,0.165,0.012,No,Yes,No
NFE2,0.1173,1.3487,0.081,2.0246,0.00155,0.165,0.0067,No,Yes,No
FOS,-0.0278,0.7441,0.0813,0.6968,0.0866,0.165,0.174,No,No,No
BRD4,-0.065,0.7445,0.082,0.7922,0.268,0.166,0.401,No,No,No
SCX,-0.0351,0.7453,0.0831,0.6833,0.0715,0.167,0.151,No,No,No
FLI1,0.0375,0.745,0.0831,0.6031,0.0177,0.167,0.05,No,No,No
HOXB3,0.0313,1.3432,0.0824,1.1987,0.39,0.167,0.529,No,No,No
NR4A3,0.0051,0.7474,0.0853,0.6358,0.0319,0.171,0.0786,No,No,No
STAT1,-0.0638,0.7468,0.0852,0.6312,0.0304,0.171,0.0763,No,No,No
GSC,-0.0782,1.3383,0.0869,1.3669,0.139,0.173,0.251,No,No,No
ONECUT1,-0.1258,0.7486,0.0871,0.8816,0.549,0.173,0.68,No,No,No
KLF9,-0.0011,0.7485,0.0877,0.9519,0.814,0.174,0.882,No,No,No
HIPK2,-0.0065,0.7491,0.0881,0.9264,0.715,0.174,0.812,No,No,No
TP53,0.0075,0.7484,0.088,0.6482,0.0416,0.174,0.0991,No,No,No
HNF1B,-0.1333,0.7497,0.0884,0.7951,0.274,0.174,0.409,No,No,No
HMGB2,-0.0018,1.3334,0.0909,1.5058,0.0546,0.178,0.123,No,No,No
FOXD1,-0.0451,1.3326,0.0906,1.6963,0.0127,0.178,0.0398,No,Yes,No
TBX3,0.0164,0.7496,0.0911,0.6243,0.0283,0.178,0.0721,No,No,No
PGR,-0.0663,0.7506,0.0919,0.7285,0.134,0.179,0.246,No,No,No
THRB,0.0581,1.33,0.0938,1.6547,0.0188,0.182,0.0526,No,No,No
KAT5,-0.0939,1.3269,0.0947,1.4933,0.057,0.183,0.127,No,No,No
UTF1,0.011,1.33,0.0948,2.203,0.000423,0.183,0.00237,No,Yes,No
SMARCA5,-0.0835,1.3258,0.0955,1.2893,0.225,0.184,0.358,No,No,No
SP3,-0.0366,0.7542,0.0971,0.6725,0.0614,0.186,0.134,No,No,No
SIX1,0.0048,1.3258,0.0964,1.1214,0.585,0.186,0.704,No,No,No
RARG,-0.0036,0.756,0.0998,0.8254,0.362,0.189,0.5,No,No,No
CREB1,-0.1143,0.7564,0.099,0.7377,0.147,0.189,0.262,No,No,No
ZFHX3,-0.0359,1.3227,0.0992,1.6642,0.0164,0.189,0.0478,No,Yes,No
NCOA3,0.0247,1.3213,0.0999,1.1438,0.521,0.189,0.654,No,No,No
SKIL,-0.0558,0.7547,0.099,0.6163,0.0241,0.189,0.0639,No,No,No
BHLHE41,-0.0121,0.7571,0.1,0.8862,0.565,0.19,0.69,No,No,No
CEBPG,-0.1234,0.758,0.102,0.712,0.107,0.192,0.208,No,No,No
CDX1,0.0202,0.758,0.102,0.7762,0.228,0.192,0.359,No,No,No
PPARD,-0.1105,0.758,0.103,0.6123,0.0215,0.192,0.0584,No,No,No
FOXA2,-0.081,1.3211,0.102,1.4592,0.0779,0.192,0.161,No,No,No
E4F1,-0.0107,0.7563,0.102,0.5832,0.013,0.192,0.04,No,Yes,No
IRX4,-0.0305,0.759,0.104,0.9491,0.803,0.194,0.878,No,No,No
TEAD4,-0.0229,0.7613,0.108,0.7138,0.11,0.198,0.213,No,No,No
FOXF2,-0.0156,0.7604,0.107,0.7239,0.125,0.198,0.234,No,No,No
HEYL,-0.0529,1.315,0.107,1.4104,0.106,0.198,0.206,No,No,No
SMARCA4,0.0351,1.315,0.108,1.7699,0.00796,0.198,0.0271,No,Yes,No
BCL3,-0.0143,0.7608,0.108,0.4876,0.000837,0.198,0.00425,No,Yes,No
NFAT5,-0.0526,0.7619,0.109,0.8022,0.294,0.199,0.434,No,No,No
TFE3,-0.0276,0.7626,0.11,0.7216,0.122,0.202,0.23,No,No,No
JDP2,0.0132,0.7639,0.114,0.585,0.0129,0.207,0.0398,No,Yes,No
JARID2,-0.0477,0.7648,0.114,0.7204,0.121,0.207,0.229,No,No,No
HDAC7,0.0693,1.3066,0.114,1.3315,0.173,0.207,0.291,No,No,No
ZEB1,0.0911,1.3068,0.114,1.5242,0.0453,0.207,0.106,No,No,No
ZNF804A,0.0642,1.3079,0.114,1.4147,0.0998,0.207,0.196,No,No,No
ZFPM2,-0.0753,1.3058,0.116,1.3726,0.133,0.209,0.246,No,No,No
ZBTB17,0.0046,1.3038,0.117,1.3346,0.168,0.21,0.284,No,No,No
PITX1,0.0326,0.7668,0.116,1.1584,0.488,0.21,0.625,No,No,No
FHL2,-0.0561,0.7666,0.117,0.8334,0.385,0.21,0.525,No,No,No
ATF6,0.014,1.3042,0.118,1.4101,0.104,0.211,0.204,No,No,No
ZXDC,-0.0382,0.7696,0.122,0.7872,0.254,0.217,0.388,No,No,No
PARK7,0.0159,0.7683,0.122,0.62,0.026,0.217,0.067,No,No,No
PPARGC1A,-0.0293,1.3016,0.123,1.357,0.153,0.218,0.268,No,No,No
HES6,-0.0082,1.2987,0.124,1.2106,0.364,0.219,0.502,No,No,No
MTA1,-0.003,1.2962,0.127,1.0611,0.777,0.224,0.861,No,No,No
CEBPZ,-0.0615,1.2936,0.129,1.2335,0.318,0.227,0.454,No,No,No
MYOCD,0.0218,0.7732,0.129,0.7168,0.113,0.227,0.217,No,No,No
FOXA3,-0.044,0.775,0.132,0.7275,0.13,0.231,0.243,No,No,No
NR2F6,-0.034,0.7746,0.132,0.8275,0.367,0.231,0.504,No,No,No
SIX4,-0.089,1.2908,0.134,1.8258,0.0062,0.234,0.0218,No,Yes,No
RELA,-0.0917,0.7763,0.135,0.7093,0.103,0.234,0.203,No,No,No
PLAGL2,-0.0274,0.7757,0.134,0.6944,0.0832,0.234,0.17,No,No,No
NKX3.1,0.0347,0.7756,0.135,0.7397,0.155,0.234,0.269,No,No,No
NRF1,-0.0364,1.2891,0.135,1.3975,0.115,0.234,0.22,No,No,No
HOXA9,0.021,0.7764,0.136,0.8093,0.314,0.235,0.45,No,No,No
NFKB1,-0.0838,0.7771,0.137,0.7466,0.165,0.236,0.28,No,No,No
ZBTB18,-0.0966,0.779,0.141,0.8861,0.565,0.242,0.69,No,No,No
ELF1,-0.0858,0.7797,0.141,0.717,0.113,0.242,0.217,No,No,No
CREM,-0.0681,0.78,0.142,0.7976,0.282,0.243,0.418,No,No,No
ETV7,0.0172,0.7797,0.143,0.704,0.0985,0.244,0.195,No,No,No
NFATC4,-0.0435,0.7804,0.144,0.7284,0.132,0.244,0.244,No,No,No
MBD1,-0.0105,1.2813,0.143,1.2277,0.329,0.244,0.462,No,No,No
MYRF,0.0029,0.7807,0.144,0.8116,0.321,0.245,0.456,No,No,No
SOX3,-0.0054,0.7805,0.145,0.739,0.153,0.245,0.268,No,No,No
SRF,-0.0537,0.7831,0.149,0.7461,0.164,0.251,0.279,No,No,No
EGR4,-0.0945,0.7834,0.149,0.7584,0.187,0.251,0.31,No,No,No
TBXT,0.0297,1.2774,0.149,1.1266,0.57,0.251,0.694,No,No,No
NRG1,0.0071,0.7841,0.151,0.6225,0.0264,0.254,0.068,No,No,No
NR2F2,-0.0367,0.7846,0.152,0.6319,0.0301,0.255,0.0757,No,No,No
IKZF1,-0.0382,0.7863,0.155,0.6155,0.0209,0.258,0.0574,No,No,No
MEF2A,-0.0198,0.786,0.155,0.7657,0.204,0.258,0.332,No,No,No
GCM1,-0.0226,0.7859,0.155,1.1169,0.598,0.258,0.717,No,No,No
VSX2,-0.0851,1.2728,0.154,1.1394,0.534,0.258,0.666,No,No,No
RARB,-0.0568,0.7856,0.157,0.6666,0.0599,0.26,0.132,No,No,No
ZNF699,-0.0528,0.7869,0.157,0.7455,0.163,0.26,0.279,No,No,No
KMT2A,0.0004,1.2683,0.16,0.9973,0.99,0.263,0.995,No,No,No
ESR2,-0.0319,0.7885,0.161,0.83,0.375,0.265,0.514,No,No,No
FOXG1,-0.0214,1.2668,0.163,1.0395,0.854,0.267,0.906,No,No,No
ID1,-0.0234,1.2671,0.162,1.218,0.349,0.267,0.487,No,No,No
REL,-0.0833,0.79,0.164,0.6351,0.0314,0.268,0.0776,No,No,No
SALL3,-0.0099,1.2647,0.167,1.1663,0.465,0.272,0.602,No,No,No
HIVEP1,-0.0212,0.7906,0.167,0.4997,0.00151,0.272,0.00668,No,Yes,No
ABL1,-0.0335,1.263,0.168,1.7557,0.00849,0.274,0.0286,No,Yes,No
SIRT1,0.0214,0.7925,0.169,0.693,0.0811,0.274,0.167,No,No,No
NFE2L2,-0.0874,1.2614,0.17,1.2973,0.215,0.276,0.344,No,No,No
ATOH1,0.0103,1.2637,0.171,1.8255,0.00677,0.276,0.0236,No,Yes,No
SNAI2,0.0171,0.7938,0.173,0.6969,0.0877,0.278,0.175,No,No,No
SON,0.0252,1.2609,0.173,1.1935,0.403,0.278,0.543,No,No,No
HESX1,0.0507,0.7945,0.175,0.9042,0.632,0.28,0.748,No,No,No
POU2AF1,0.0273,1.2574,0.176,0.9248,0.71,0.282,0.811,No,No,No
BCL6,-0.0175,0.7959,0.177,0.7862,0.251,0.283,0.385,No,No,No
TCF20,-0.1089,0.7974,0.181,0.6448,0.0378,0.288,0.0915,No,No,No
ZBED1,0.0608,1.252,0.184,1.2655,0.262,0.293,0.394,No,No,No
PTF1A,0.0068,0.7995,0.186,0.9155,0.674,0.295,0.785,No,No,No
CHD4,-0.0149,1.2498,0.188,1.0871,0.691,0.298,0.798,No,No,No
LMX1B,0.0432,0.8006,0.189,0.9387,0.763,0.299,0.85,No,No,No
GLIS3,0.005,0.8018,0.192,0.9949,0.981,0.303,0.993,No,No,No
GTF2IRD1,0.0505,0.8022,0.194,0.63,0.0305,0.306,0.0763,No,No,No
TOX,0.1121,1.2418,0.2,1.4862,0.0607,0.314,0.133,No,No,No
MAFA,0.002,0.805,0.2,0.6063,0.0176,0.314,0.05,No,No,No
VDR,0.0172,0.8054,0.202,0.7816,0.243,0.316,0.377,No,No,No
BARX1,0.0051,1.2395,0.205,1.1789,0.433,0.32,0.573,No,No,No
MITF,-0.0439,0.8069,0.205,0.6953,0.0847,0.32,0.171,No,No,No
PRDM2,-0.0069,0.8078,0.207,0.7319,0.137,0.322,0.249,No,No,No
ZNF219,0.0533,0.809,0.212,1.0357,0.867,0.329,0.908,No,No,No
SMARCC1,0.0431,1.2347,0.212,1.5364,0.0419,0.329,0.0994,No,No,No
NR1H2,-0.0378,0.8104,0.215,0.8781,0.536,0.331,0.667,No,No,No
DDIT3,-0.0283,0.81,0.214,0.6795,0.0686,0.331,0.145,No,No,No
TRERF1,-0.0377,1.2338,0.216,1.3077,0.204,0.332,0.332,No,No,No
NR2C1,-0.0133,0.8116,0.218,0.8028,0.295,0.334,0.435,No,No,No
NR5A2,-0.0728,1.2303,0.221,1.1211,0.585,0.338,0.704,No,No,No
ZNF24,-0.0278,0.8124,0.22,0.8483,0.433,0.338,0.573,No,No,No
TBR1,0.0353,1.2294,0.222,1.3584,0.145,0.339,0.26,No,No,No
ARNT,-0.0544,0.8133,0.222,0.8372,0.398,0.339,0.537,No,No,No
IRF2,-0.0833,0.8143,0.225,0.8115,0.319,0.342,0.454,No,No,No
FOXO6,0.0384,0.8147,0.226,0.7704,0.215,0.343,0.344,No,No,No
BTG2,-0.0671,1.2254,0.23,1.2886,0.227,0.348,0.358,No,No,No
SMAD3,0.0087,0.8171,0.234,0.8044,0.302,0.353,0.44,No,No,No
TFEB,-0.02,0.8178,0.234,0.9583,0.839,0.354,0.897,No,No,No
BRCA1,-0.0158,0.8186,0.238,0.6924,0.0834,0.357,0.17,No,No,No
ERG,-0.001,0.8189,0.238,0.9312,0.734,0.357,0.823,No,No,No
ZBTB33,0.0699,0.8186,0.237,0.957,0.834,0.357,0.894,No,No,No
BMAL1,-0.0912,0.8191,0.239,1.2267,0.331,0.358,0.465,No,No,No
USF1,-0.1044,0.8203,0.243,0.7013,0.0936,0.362,0.186,No,No,No
MECP2,-0.0291,1.2178,0.244,1.2502,0.288,0.364,0.426,No,No,No
LHX1,-0.0299,0.8219,0.247,0.7579,0.189,0.367,0.312,No,No,No
DOT1L,-0.0121,0.8252,0.256,0.7192,0.118,0.381,0.225,No,No,No
IRF8,-0.0801,0.8267,0.261,0.7848,0.249,0.386,0.384,No,No,No
ESR1,-0.0818,1.2097,0.261,1.2153,0.352,0.386,0.49,No,No,No
LEF1,-0.0237,1.2073,0.265,1.4172,0.0993,0.392,0.196,No,No,No
PHF20,-0.0076,0.8303,0.272,0.7282,0.132,0.4,0.244,No,No,No
HDAC4,0.0051,0.8314,0.277,0.96,0.846,0.408,0.901,No,No,No
DNMT1,-0.088,1.2004,0.28,1.0651,0.763,0.411,0.85,No,No,No
MED1,0.0134,1.2001,0.282,1.0135,0.948,0.413,0.968,No,No,No
HTATIP2,0.061,0.8354,0.287,0.827,0.365,0.42,0.503,No,No,No
FOXH1,-0.0186,1.1969,0.288,1.0572,0.791,0.421,0.87,No,No,No
EBF1,0.0073,0.8371,0.293,0.8552,0.456,0.427,0.595,No,No,No
PAWR,-0.062,1.1931,0.297,1.0359,0.866,0.431,0.908,No,No,No
CDX2,-0.0807,0.8381,0.296,0.7894,0.259,0.431,0.392,No,No,No
KLF1,-0.0253,0.8389,0.299,0.6785,0.0664,0.434,0.142,No,No,No
MAF,-0.1062,0.8394,0.301,0.8159,0.334,0.436,0.467,No,No,No
ZFP64,-0.0607,1.1904,0.303,0.7835,0.249,0.437,0.384,No,No,No
NKX2.1,0.0089,1.1892,0.306,1.1642,0.47,0.441,0.605,No,No,No
NFATC1,-0.0556,0.8411,0.306,0.8686,0.502,0.441,0.636,No,No,No
GLI3,0.0373,0.8414,0.308,0.8425,0.415,0.442,0.555,No,No,No
NFKB,-0.1316,0.8422,0.311,0.7615,0.196,0.444,0.32,No,No,No
TBX18,0.0799,0.842,0.31,0.8755,0.526,0.444,0.658,No,No,No
HES1,-0.0235,1.1869,0.311,1.0364,0.865,0.444,0.908,No,No,No
FOXC2,-0.0863,0.8429,0.312,1.0268,0.899,0.445,0.928,No,No,No
ID3,-0.0111,0.8446,0.318,0.9094,0.651,0.45,0.761,No,No,No
PITX2,-0.0523,0.844,0.316,0.7466,0.164,0.45,0.279,No,No,No
BCLAF1,0.0488,1.1838,0.318,1.5909,0.0276,0.45,0.0706,No,No,No
TCF7,-0.0124,1.184,0.318,1.1852,0.418,0.45,0.557,No,No,No
TCF21,-0.0412,1.1835,0.319,1.1251,0.574,0.451,0.697,No,No,No
KLF5,-0.067,1.1808,0.326,1.1097,0.62,0.459,0.738,No,No,No
NR6A1,0.0188,1.181,0.328,1.2014,0.386,0.461,0.525,No,No,No
AHR,-0.069,0.8475,0.329,0.9043,0.632,0.461,0.748,No,No,No
DLX4,-0.0945,0.8488,0.333,0.9272,0.719,0.465,0.815,No,No,No
SHOX2,-0.0306,0.8488,0.332,1.0146,0.945,0.465,0.967,No,No,No
BCOR,-0.127,0.8492,0.335,0.7651,0.204,0.467,0.332,No,No,No
SIX3,-0.0334,1.1765,0.337,1.1831,0.423,0.469,0.564,No,No,No
RUNX2,-0.0794,1.1755,0.339,1.4639,0.0713,0.472,0.151,No,No,No
POU2F2,-0.0263,0.8518,0.343,0.8707,0.509,0.476,0.644,No,No,No
HIF3A,0.0643,1.1713,0.35,1.0031,0.988,0.485,0.995,No,No,No
XBP1,-0.0411,0.8545,0.353,0.7301,0.134,0.487,0.246,No,No,No
MAFK,-0.0316,1.1703,0.352,0.9286,0.725,0.487,0.817,No,No,No
ZBTB38,-0.0019,0.8553,0.355,0.965,0.865,0.489,0.908,No,No,No
FGF2,0.0101,0.8552,0.356,0.7294,0.136,0.489,0.248,No,No,No
ZMYND8,0.0167,1.1682,0.359,1.2763,0.249,0.492,0.384,No,No,No
PML,0.0065,1.1686,0.358,1.3423,0.163,0.492,0.279,No,No,No
DBP,-0.1174,1.1656,0.365,1.1284,0.564,0.498,0.69,No,No,No
STAT2,-0.1293,0.8575,0.364,0.7495,0.171,0.498,0.288,No,No,No
TFCP2,-0.0974,1.1639,0.37,1.1441,0.522,0.505,0.654,No,No,No
DEAF1,0.0208,0.8593,0.371,0.942,0.776,0.505,0.861,No,No,No
ZNF362,0.0537,1.1619,0.376,1.153,0.498,0.511,0.634,No,No,No
SP1,-0.0936,1.1607,0.378,1.1354,0.545,0.513,0.676,No,No,No
HIC1,0.0118,0.8626,0.382,0.8909,0.582,0.516,0.702,No,No,No
NKX2.2,0.0035,0.8625,0.382,0.771,0.216,0.516,0.345,No,No,No
KLF15,-0.1161,1.1572,0.388,1.0602,0.78,0.523,0.863,No,No,No
STAT3,-0.0845,0.864,0.388,0.8715,0.512,0.523,0.645,No,No,No
SPIB,-0.0044,0.8645,0.389,0.7369,0.147,0.523,0.262,No,No,No
ELF5,-0.0238,0.866,0.395,0.8062,0.305,0.53,0.441,No,No,No
ZFP42,0.0429,0.8668,0.399,0.8125,0.323,0.534,0.458,No,No,No
POU1F1,-0.0171,1.1532,0.401,1.0967,0.662,0.535,0.772,No,No,No
MSX1,0.0183,0.8681,0.403,0.6853,0.0748,0.538,0.156,No,No,No
STAT5A,-0.0456,0.8688,0.406,0.7329,0.14,0.539,0.253,No,No,No
CXXC1,0.0212,1.1514,0.405,1.241,0.305,0.539,0.441,No,No,No
SREBF2,-0.0301,1.1501,0.408,1.0759,0.727,0.541,0.819,No,No,No
ASCL2,0.0387,1.1493,0.411,1.2826,0.235,0.541,0.367,No,No,No
ZBTB32,0.0087,0.8694,0.408,0.9066,0.64,0.541,0.753,No,No,No
NFKB2,-0.04,0.8697,0.409,0.7441,0.159,0.541,0.274,No,No,No
TBX2,0.0063,0.87,0.411,0.6909,0.0816,0.541,0.167,No,No,No
FOSL2,-0.0131,0.8702,0.412,0.9128,0.664,0.542,0.773,No,No,No
DMRT1,-0.0426,1.1489,0.413,1.2296,0.329,0.543,0.462,No,No,No
RELB,-0.0613,0.8715,0.416,0.6743,0.0622,0.546,0.135,No,No,No
STAT4,-0.0758,0.8716,0.417,0.7364,0.147,0.546,0.262,No,No,No
PAX7,0.0233,1.146,0.422,1.2467,0.299,0.551,0.438,No,No,No
SMAD4,0.0062,0.8731,0.422,1.0014,0.994,0.551,0.996,No,No,No
RXRA,-0.1008,0.8735,0.424,0.8667,0.496,0.552,0.633,No,No,No
GRHL3,-0.0582,1.145,0.425,1.2481,0.297,0.552,0.435,No,No,No
RUNX3,0.0028,1.1451,0.425,1.3793,0.13,0.552,0.243,No,No,No
SPIC,-0.0728,1.1439,0.427,1.0888,0.685,0.553,0.794,No,No,No
SF1,-0.1267,0.875,0.43,1.0556,0.797,0.556,0.875,No,No,No
NR3C1,-0.1001,0.8757,0.434,0.6233,0.0268,0.559,0.0688,No,No,No
DLX5,0.0142,0.8758,0.434,1.042,0.845,0.559,0.9,No,No,No
NEUROD2,0.0236,1.1414,0.435,1.1872,0.416,0.56,0.556,No,No,No
MNT,-0.0211,0.8772,0.439,1.0372,0.862,0.564,0.908,No,No,No
ETV6,-0.0004,0.879,0.446,1.0778,0.722,0.572,0.816,No,No,No
PPARA,-0.1784,1.1363,0.45,1.264,0.268,0.577,0.401,No,No,No
ARID5B,0.0129,0.8821,0.459,0.8377,0.399,0.586,0.538,No,No,No
IRF9,-0.1391,0.8827,0.461,0.8643,0.487,0.588,0.625,No,No,No
HOXD4,-0.059,1.1319,0.464,1.3168,0.191,0.591,0.314,No,No,No
NFATC2,-0.1178,0.8843,0.468,0.8656,0.491,0.594,0.628,No,No,No
FOXQ1,0.0507,0.8844,0.467,1.2767,0.25,0.594,0.384,No,No,No
MYBL1,0.0023,1.1286,0.475,1.6997,0.0128,0.6,0.0398,No,Yes,No
IRF3,-0.1764,0.8856,0.473,0.8082,0.313,0.6,0.45,No,No,No
ZBTB7B,-0.0305,0.8862,0.475,0.9961,0.985,0.6,0.994,No,No,No
RARA,-0.0967,0.8872,0.48,0.9666,0.871,0.603,0.912,No,No,No
HLX,-0.0064,1.1271,0.48,1.1818,0.426,0.603,0.567,No,No,No
PDX1,0.018,0.8872,0.479,0.7359,0.145,0.603,0.26,No,No,No
AIP,0.0741,1.1265,0.481,0.9283,0.723,0.604,0.817,No,No,No
TFAP2C,0.0019,1.1248,0.487,1.3487,0.156,0.61,0.27,No,No,No
ETV4,-0.0272,1.124,0.489,1.3477,0.156,0.612,0.27,No,No,No
FOXE1,0.0373,1.122,0.496,1.3684,0.136,0.619,0.248,No,No,No
TEAD1,-0.0208,1.1223,0.495,1.287,0.232,0.619,0.364,No,No,No
ZNF423,-0.0369,0.8923,0.501,0.7743,0.225,0.622,0.357,No,No,No
SOX4,0.0478,1.1208,0.5,1.6135,0.0232,0.622,0.0619,No,No,No
TSC22D1,-0.0068,0.8936,0.506,1.043,0.841,0.629,0.897,No,No,No
CUX1,-0.0377,1.1168,0.513,1.0172,0.935,0.636,0.96,No,No,No
NR1D1,0.0735,1.116,0.517,1.2511,0.286,0.639,0.424,No,No,No
HOXA7,-0.0166,0.898,0.526,0.7684,0.214,0.648,0.344,No,No,No
SOX6,-0.0683,0.898,0.525,0.9874,0.952,0.648,0.97,No,No,No
LITAF,-0.0835,0.8983,0.526,0.7438,0.161,0.648,0.276,No,No,No
NFIX,-0.0036,0.899,0.529,0.9458,0.791,0.65,0.87,No,No,No
EPAS1,-0.0549,1.1103,0.536,1.2002,0.385,0.657,0.525,No,No,No
NHLH1,0.0463,0.9015,0.54,0.868,0.5,0.662,0.635,No,No,No
TCF3,-0.0575,0.902,0.542,0.9244,0.708,0.662,0.811,No,No,No
MYB,-0.0038,1.1085,0.542,0.9324,0.739,0.662,0.826,No,No,No
HOXD3,-0.0633,1.1076,0.546,1.3401,0.166,0.664,0.28,No,No,No
PAX4,-0.0578,1.1079,0.544,1.1322,0.554,0.664,0.684,No,No,No
MESP2,-0.1043,1.1067,0.549,1.2438,0.301,0.667,0.439,No,No,No
CEBPB,-0.1239,0.9045,0.553,0.9561,0.831,0.671,0.893,No,No,No
MEF2C,-0.0458,0.9053,0.556,1.1994,0.386,0.673,0.525,No,No,No
SIM2,-0.0134,0.9054,0.556,0.8574,0.463,0.673,0.602,No,No,No
RCOR2,-0.0357,1.1039,0.559,1.0806,0.711,0.675,0.811,No,No,No
NAB2,-0.1018,1.1034,0.561,1.3256,0.181,0.676,0.3,No,No,No
CREB3L1,-0.048,1.1016,0.568,1.0848,0.699,0.678,0.806,No,No,No
ZNF335,-0.0268,1.1018,0.566,1.0806,0.712,0.678,0.811,No,No,No
PHOX2B,-0.0361,0.9078,0.567,1.0042,0.984,0.678,0.994,No,No,No
PAX5,-0.1136,0.9071,0.564,1.1801,0.434,0.678,0.573,No,No,No
SOX7,-0.0077,0.9072,0.565,0.9242,0.707,0.678,0.811,No,No,No
ETS1,-0.091,0.9081,0.569,0.8626,0.481,0.678,0.619,No,No,No
KDM5A,0.036,0.9072,0.566,1.058,0.789,0.678,0.87,No,No,No
TBX1,-0.0729,1.0993,0.576,1.1264,0.571,0.682,0.694,No,No,No
SMAD2,-0.0191,0.9093,0.574,0.9694,0.882,0.682,0.918,No,No,No
MLXIPL,-0.0283,0.9094,0.575,0.9686,0.879,0.682,0.916,No,No,No
HNF1A,-0.1276,1.0998,0.575,1.2327,0.324,0.682,0.458,No,No,No
PLAG1,0.013,0.9099,0.577,1.0123,0.954,0.683,0.97,No,No,No
NR2F1,-0.0315,1.0963,0.586,1.0549,0.799,0.69,0.876,No,No,No
SMAD7,0.0385,0.9123,0.587,0.8535,0.451,0.69,0.59,No,No,No
NR5A1,-0.1783,0.9121,0.587,0.8836,0.556,0.69,0.685,No,No,No
FEZF1,-0.021,1.0971,0.585,1.1163,0.603,0.69,0.721,No,No,No
ID2,-0.0506,0.9131,0.591,0.8573,0.465,0.694,0.602,No,No,No
KAT7,-0.0174,0.9137,0.594,0.9038,0.63,0.695,0.748,No,No,No
KAT2B,-0.0133,1.0947,0.593,1.4385,0.0857,0.695,0.172,No,No,No
NR1H3,-0.1203,0.914,0.595,0.8304,0.376,0.695,0.515,No,No,No
HOXB6,0.0706,0.9153,0.6,0.8512,0.443,0.7,0.584,No,No,No
ESRRG,-0.031,1.0923,0.601,1.4149,0.0998,0.701,0.196,No,No,No
ELF2,-0.0768,1.0921,0.603,1.03,0.887,0.701,0.921,No,No,No
TCF7L1,0.0336,0.9165,0.607,0.8019,0.297,0.705,0.435,No,No,No
ETV5,-0.0141,0.9173,0.61,0.8922,0.587,0.707,0.704,No,No,No
PHF5A,-0.0353,1.0896,0.612,1.0751,0.731,0.709,0.821,No,No,No
HOXB5,-0.0726,1.0888,0.615,0.924,0.707,0.71,0.811,No,No,No
MECOM,0.0232,1.089,0.615,0.8236,0.356,0.71,0.494,No,No,No
NCOA1,-0.0699,0.9217,0.63,0.9072,0.643,0.726,0.753,No,No,No
ATF2,-0.0789,0.9244,0.643,0.6924,0.0833,0.74,0.17,No,No,No
ELF4,0.0007,0.9262,0.65,1.0645,0.765,0.748,0.851,No,No,No
TEF,0.1048,1.0773,0.659,0.9565,0.832,0.757,0.893,No,No,No
INSM1,0.0535,0.9296,0.666,1.0036,0.986,0.764,0.994,No,No,No
HOXA2,-0.0085,1.0748,0.67,0.8836,0.558,0.767,0.686,No,No,No
NRL,-0.0502,0.9314,0.675,1.0612,0.778,0.771,0.861,No,No,No
NFE2L1,-0.0034,1.0718,0.681,1.3458,0.158,0.777,0.273,No,No,No
SIN3A,-0.0513,1.0706,0.687,1.0904,0.68,0.778,0.79,No,No,No
MEOX2,0.049,1.071,0.686,1.2389,0.313,0.778,0.45,No,No,No
ZNF300,0.0425,0.9339,0.686,0.999,0.996,0.778,0.996,No,No,No
RLF,0.0681,1.0714,0.683,1.2955,0.217,0.778,0.346,No,No,No
HOXD10,-0.0348,1.0699,0.689,0.965,0.865,0.78,0.908,No,No,No
NFIL3,-0.0375,0.9348,0.69,0.9017,0.622,0.78,0.739,No,No,No
NFIA,-0.0548,1.0685,0.695,0.9225,0.701,0.785,0.806,No,No,No
ZNF236,0.0006,0.937,0.7,0.8084,0.311,0.789,0.449,No,No,No
GABPA,-0.0144,1.0668,0.703,1.1274,0.57,0.79,0.694,No,No,No
NEUROD6,-0.0342,1.0664,0.704,1.2307,0.324,0.79,0.458,No,No,No
ELK4,-0.104,0.9375,0.703,1.0377,0.86,0.79,0.908,No,No,No
HOXB1,0.0382,0.9387,0.708,1.0167,0.937,0.794,0.96,No,No,No
MLX,0.0743,1.0646,0.711,1.5125,0.0533,0.795,0.12,No,No,No
CRX,-0.0535,1.0641,0.714,1.4576,0.0807,0.798,0.166,No,No,No
NR3C2,-0.0525,1.0629,0.718,1.1013,0.646,0.801,0.756,No,No,No
NKX6.3,-0.0163,0.9412,0.72,0.8794,0.54,0.802,0.671,No,No,No
RORA,-0.0265,0.9416,0.722,0.9892,0.958,0.803,0.974,No,No,No
TSHZ3,0.0402,0.9422,0.725,1.2,0.394,0.805,0.533,No,No,No
FOXN1,0.0198,0.9427,0.728,0.9068,0.642,0.807,0.753,No,No,No
MEOX1,0.0498,1.0603,0.73,0.8383,0.405,0.808,0.545,No,No,No
GLI1,0.007,0.9443,0.734,1.0435,0.839,0.811,0.897,No,No,No
TFAP4,-0.0387,1.0593,0.733,0.9275,0.722,0.811,0.816,No,No,No
WT1,-0.037,0.9443,0.735,0.9197,0.691,0.811,0.798,No,No,No
HMGA1,-0.0197,1.0583,0.737,0.9685,0.878,0.812,0.916,No,No,No
POU3F1,0.0272,0.9454,0.74,1.0372,0.862,0.813,0.908,No,No,No
ATF4,-0.1057,1.0557,0.748,1.1674,0.461,0.821,0.6,No,No,No
SMAD5,-0.0139,0.9488,0.757,0.9319,0.737,0.829,0.825,No,No,No
CTCFL,-0.0634,0.9491,0.757,0.9945,0.979,0.829,0.992,No,No,No
SOX2,-0.0186,1.0524,0.763,1.1225,0.582,0.834,0.702,No,No,No
HR,-0.0568,0.9526,0.775,1.0883,0.687,0.845,0.795,No,No,No
LHX4,0.0327,0.9527,0.775,1.1141,0.607,0.845,0.725,No,No,No
PIN1,-0.0637,1.0473,0.785,1.0799,0.714,0.854,0.812,No,No,No
PAX8,0.0002,0.9556,0.788,0.8697,0.506,0.855,0.64,No,No,No
MEIS2,-0.0091,0.9553,0.787,0.7849,0.248,0.855,0.384,No,No,No
CEBPA,-0.1114,1.0464,0.788,0.8089,0.313,0.855,0.45,No,No,No
FOXC1,0.0269,1.045,0.794,0.9684,0.879,0.859,0.916,No,No,No
BACH2,0.0414,1.045,0.795,0.9523,0.816,0.859,0.883,No,No,No
ZNF263,-0.0064,0.9583,0.801,0.9942,0.978,0.864,0.992,No,No,No
SATB2,0.0495,0.9582,0.801,1.1739,0.444,0.864,0.584,No,No,No
MSX2,-0.0554,1.0431,0.803,0.8581,0.466,0.864,0.602,No,No,No
SMAD9,0.0728,0.9603,0.811,0.9835,0.937,0.872,0.96,No,No,No
GATA1,-0.0893,0.9609,0.814,0.9483,0.8,0.873,0.876,No,No,No
DLX1,-0.0694,1.0406,0.814,1.0509,0.813,0.873,0.882,No,No,No
CTCF,-0.0409,0.9629,0.823,0.8515,0.444,0.881,0.584,No,No,No
ATOH7,0.0103,0.9636,0.826,0.9538,0.821,0.883,0.886,No,No,No
GTF2I,0.0228,0.9637,0.827,0.9654,0.867,0.883,0.908,No,No,No
ENO1,0.0014,0.9649,0.833,1.0013,0.994,0.884,0.996,No,No,No
LHX2,-0.0262,1.0369,0.831,1.3231,0.191,0.884,0.314,No,No,No
ARX,-0.0079,1.0368,0.831,1.1873,0.413,0.884,0.554,No,No,No
TGFB1I1,0.0428,0.9647,0.832,0.9046,0.633,0.884,0.748,No,No,No
POU5F1,0.0185,1.0355,0.837,1.2677,0.258,0.885,0.391,No,No,No
KDM5B,-0.0659,0.9659,0.838,1.1679,0.461,0.885,0.6,No,No,No
JUNB,-0.0882,0.9657,0.837,1.144,0.523,0.885,0.655,No,No,No
ZBTB14,-0.019,0.9674,0.845,1.019,0.929,0.892,0.956,No,No,No
SNAI1,-0.1003,0.968,0.847,1.0483,0.822,0.893,0.886,No,No,No
PBX2,-0.0087,1.0309,0.857,1.1285,0.565,0.895,0.69,No,No,No
STAT5B,-0.0499,1.032,0.852,0.8984,0.611,0.895,0.729,No,No,No
ELF3,-0.1101,0.9686,0.85,0.8523,0.447,0.895,0.586,No,No,No
PRDM16,-0.1034,0.9696,0.856,0.9784,0.918,0.895,0.946,No,No,No
EHF,-0.0864,0.9692,0.854,1.0184,0.931,0.895,0.957,No,No,No
ZBTB4,0.0711,1.0318,0.853,0.93,0.729,0.895,0.82,No,No,No
LMO2,-0.0469,0.9722,0.868,1.0515,0.811,0.906,0.882,No,No,No
NKX6.1,0.0007,0.9741,0.877,0.9505,0.81,0.914,0.882,No,No,No
PITX3,0.0087,0.9749,0.88,0.9738,0.899,0.916,0.928,No,No,No
SRY,-0.0325,0.9751,0.881,0.8244,0.359,0.916,0.497,No,No,No
CEBPD,-0.0848,0.9754,0.883,0.871,0.51,0.917,0.644,No,No,No
NKRF,-0.0249,1.0244,0.886,1.3341,0.174,0.919,0.291,No,No,No
LHX3,0.0522,1.0233,0.891,1.1051,0.635,0.923,0.75,No,No,No
ATF1,-0.0457,1.0222,0.896,0.8737,0.521,0.926,0.654,No,No,No
USF2,-0.1349,0.9786,0.898,0.8546,0.455,0.927,0.595,No,No,No
FOXJ1,-0.0464,0.9797,0.903,1.0126,0.953,0.93,0.97,No,No,No
SMAD1,-0.0721,0.9797,0.903,1.4093,0.108,0.93,0.209,No,No,No
TAL1,-0.05,1.0193,0.91,0.9731,0.897,0.935,0.928,No,No,No
HOXB9,-0.1112,1.0192,0.91,1.2729,0.254,0.935,0.388,No,No,No
SALL1,-0.0251,0.9826,0.918,1.2971,0.216,0.94,0.345,No,No,No
ZIC2,-0.0528,0.9825,0.916,0.8905,0.581,0.94,0.702,No,No,No
FOXP2,-0.015,0.9839,0.924,1.0805,0.712,0.945,0.811,No,No,No
ARID3B,0.0134,1.0155,0.928,1.0584,0.787,0.946,0.869,No,No,No
SOX11,0.0433,0.9847,0.927,1.3595,0.143,0.946,0.258,No,No,No
PEG3,0.0125,0.9859,0.933,0.962,0.853,0.95,0.906,No,No,No
BMAL2,-0.0591,1.0136,0.937,1.1646,0.469,0.953,0.605,No,No,No
TAF1,0.0467,0.9871,0.939,0.9701,0.886,0.954,0.921,No,No,No
ING4,0.0221,0.9892,0.949,1.271,0.255,0.962,0.388,No,No,No
TCF12,-0.0654,1.0103,0.951,0.9986,0.994,0.964,0.996,No,No,No
ETV2,0.1092,0.9906,0.955,0.8085,0.313,0.966,0.45,No,No,No
HOXC8,-0.009,1.0089,0.958,0.8474,0.431,0.968,0.573,No,No,No
NANOG,-0.031,1.0075,0.965,1.0525,0.807,0.973,0.881,No,No,No
TFAP2A,-0.096,0.9935,0.969,1.0284,0.893,0.977,0.926,No,No,No
BHLHA15,-0.0876,1.0049,0.977,0.9526,0.817,0.982,0.883,No,No,No
TLX2,0.0694,1.0048,0.977,1.3562,0.154,0.982,0.268,No,No,No
KAT6B,-0.0326,1.0044,0.979,0.8837,0.556,0.983,0.685,No,No,No
CEBPE,-0.0639,0.9961,0.982,0.9548,0.826,0.984,0.889,No,No,No
HIF1A,-0.127,0.9975,0.988,1.0513,0.811,0.99,0.882,No,No,No
IRF6,0.0087,0.9995,0.998,0.8821,0.551,0.998,0.682,No,No,No
