TF,score,n_metrics,g1_dm_diff,g2_gd,g3_ko_diff,g4_survival
MYC,2.5584,6,0.4885737885776855,1.0,0.43748497629071903,0.6323156095043376
HMGA2,2.3328,7,0.9421789398164416,0.492454129876636,0.735977193018972,0.1622005263777455
STAT1,2.2879,7,0.9117433816788814,0.4965245162502348,0.8202668875443634,0.05935292407050251
AHR,2.2836,7,0.8089963144307334,0.47980462145406727,0.9176208097531673,0.07722483367795574
SMAD3,2.2552,7,0.8843865029639915,0.4115473730352558,0.8880823002682804,0.07114155571831325
IRF3,2.239,6,0.8916796017708544,0.3750391383305154,0.8961104759610756,0.07612617327778577
TGFB1I1,2.2335,7,0.878210156050397,0.43008328636733667,0.8397060711670078,0.08550882091522101
IRF1,2.2318,7,0.9504260198956709,0.38336777506418684,0.8555800941867917,0.04238735969289272
WWTR1,2.2301,7,0.8357173789753567,0.44279541611873,0.8242969498438228,0.12734023119292284
ZEB2,2.2219,7,0.8158868269685475,0.5151856722399649,0.6623462274038322,0.22848598519564148
NFKB1,2.207,6,0.9299937417965256,0.3823658338029933,0.8285924169188565,0.06604008243020157
GLI3,2.2041,7,0.8155443480361808,0.4336527021103388,0.8805579671713093,0.07435841480582918
PRRX1,2.1824,7,0.8616157547169823,0.4076648506481308,0.7799153973105672,0.13315922194579172
CEBPD,2.1728,6,0.8332680850107919,0.3585071075208216,0.8960542383764458,0.08493968681807867
NFKBIZ,2.1718,7,0.8416601399155881,0.43578182729037507,0.8392424325315198,0.05516212703147391
EGR2,2.1667,7,0.725282044208469,0.5239526582754086,0.8572377713582023,0.06025653748659175
VDR,2.164,6,0.892117982570644,0.3422881833552508,0.8601478993041662,0.06941708017514267
ETS1,2.1389,6,0.7999622678794149,0.3795478740058864,0.879548833841614,0.07985845637115052
TFE3,2.1385,7,0.8543495322979698,0.43628279792097185,0.7838739273741586,0.0640312645685049
RUNX1,2.1355,7,0.8766723859536754,0.4209405723589455,0.8010036053129552,0.03686137251806892
ELF4,2.1275,6,0.9134603571274198,0.34548187112530526,0.7795042373293375,0.08909395061927654
NR2F2,2.1268,7,0.7388214291266564,0.44711628780762724,0.8788035859660087,0.062048499033871114
NR1H3,2.1218,7,0.8359891298780336,0.38649884150541675,0.8203296406379637,0.0790057121781593
HES1,2.1211,7,0.8097630059213288,0.4081031999499029,0.7968470673968626,0.10638699925238507
RUNX2,2.1157,6,0.9629946000047196,0.31417120671300647,0.7161253510037484,0.12243244871901848
ELF1,2.111,7,0.8158578714206403,0.40735174400400775,0.8227187565430925,0.06505689899894876
STAT3,2.1101,7,0.8635707691123704,0.38374350303713445,0.7857200422298587,0.07709660512901109
NACC1,2.1083,3,0.7427659548025258,0.4455507545870124,0.4199676102192593,0.5
STAT6,2.0998,6,0.7868038951396241,0.34704740434592024,0.9029721762345582,0.06297609507951968
NR3C1,2.0997,6,0.8740633859584191,0.3765420502223057,0.7809624113511728,0.06813950973236108
FOS,2.0982,7,0.7789489279631219,0.4087294132381489,0.8487247252351362,0.061748003415709726
TFAP2A,2.0964,7,0.7719809245153106,0.459765796230196,0.7721980142874839,0.0924211961701825
MAF,2.0937,5,0.7254358552203598,0.3540609931742752,0.9410104143112363,0.0731688022226666
YAP1,2.0921,6,0.7136211116167679,0.42720270524140525,0.8107010245958848,0.14052519201215477
BCL3,2.0904,7,0.8106405948919683,0.406537666729288,0.8185442029888814,0.05468101622661538
REST,2.0867,7,0.7794095999735271,0.45306531404596406,0.6559862551331979,0.1982815699676781
NFATC1,2.078,7,0.7177479350413575,0.4067255307157618,0.8781618468159769,0.07536598203119317
NFKB2,2.0739,6,0.8600240020734699,0.354561963804872,0.7868612608759216,0.07247739940179587
GLI1,2.0716,7,0.7148617125668877,0.4620827853967061,0.8051344242083537,0.08954375423092284
ID3,2.071,7,0.7419536983875663,0.4124240716388002,0.8393713826623825,0.07722116555392707
FLI1,2.0688,6,0.757145277941931,0.35831924353434785,0.8952640426093234,0.058118304719421296
ZBTB7B,2.059,7,0.7628065600276563,0.40002504853152987,0.8125985743786979,0.08357467418739328
MTF1,2.0567,7,0.7828214557703461,0.47729976830108334,0.6630323391942311,0.13350105153408126
ZNF395,2.0544,4,0.3870049938224359,0.44467405598346793,0.42603308459871025,0.7966379325870312
KLF5,2.0514,7,0.877355271488066,0.39958669922975765,0.6655940491301533,0.10884559969380003
RXRA,2.0493,7,0.743349923638627,0.4171832926294696,0.8112105240504701,0.07757793637963309
TCF7L2,2.0458,7,0.8039858270049577,0.4151167887782579,0.5963155987760662,0.230416684245204
MSC,2.0447,6,0.8860851835602408,0.31429644937065565,0.7937763233680746,0.050496431395938596
JDP2,2.0424,7,0.7236828110768492,0.39852213663973945,0.8614257185209864,0.058738878238597525
STAT2,2.0374,6,0.8717427223382979,0.3017721836057361,0.7920788987001177,0.07182914708646104
ARID5B,2.0345,7,0.7914328771840895,0.4641492892479178,0.7018868039311594,0.07704189173685773
KLF6,2.033,7,0.8195720523102463,0.4086041705804997,0.7824049138944502,0.022463685026843903
TEAD2,2.0288,7,0.701418440261582,0.4402905629657461,0.7292932564733967,0.15776606121094922
FOXO1,2.0257,7,0.7348934294071664,0.3957667981714572,0.860513970361694,0.03457125028299627
RELB,2.0255,6,0.8060627381346848,0.32826100569854094,0.8212904693321892,0.06985325198162826
ZNF143,2.0128,3,0.28012636820659353,0.32776003506794416,0.4048742408268645,1.0
MAFK,2.0107,7,0.8766950654823118,0.4678439476485691,0.5652183393013764,0.10096636567848594
KLF4,2.0104,6,0.7918001772482484,0.37272214916400526,0.8123388233476092,0.03354165094465138
SNAI1,2.0104,6,0.7332824213608833,0.36445613375915836,0.8212508704310679,0.09140573184534882
ETV6,2.01,6,0.7590582203237967,0.3605109900432087,0.8041828751649374,0.086286724160999
RARG,2.0078,7,0.7851020309210068,0.4099818398146408,0.7450772502412015,0.06765674363687588
FOSL1,2.0069,7,0.9218827008378512,0.3912580624960862,0.5234974096489633,0.17025718184254768
FOXF1,2.0,7,0.7753762719178714,0.4987788840879203,0.6646695965069376,0.06118729455311701
IRF8,1.9995,6,0.6672209825109778,0.40716388001753395,0.8541158864788756,0.07104659734252398
IRF2,1.9933,6,0.8642588715725351,0.3211221742125368,0.7367299124860859,0.07122377653536033
NOTCH1,1.9904,6,0.781650433506628,0.3524328386248356,0.8309196406050768,0.02543701464152465
JUNB,1.979,6,0.7944237811232479,0.2561212348926044,0.8334598896245285,0.09501544709423193
TBX18,1.977,7,0.8199072454013532,0.4086667919093243,0.6727567049672472,0.07570147166164257
ETV4,1.9751,5,0.8116623840034798,0.3826163191182917,0.666624683861899,0.11421742828938261
STOX1,1.9741,3,0.4005841052352451,0.35330953722838,0.30475103911445867,0.9154367737870014
MITF,1.974,7,0.774227634529417,0.405598346796919,0.728034913044947,0.06612140432706834
NR2F1,1.9701,7,0.7264129677581557,0.45488133258187735,0.6881309659817345,0.10072149172018174
CEBPB,1.97,6,0.7253143575364496,0.36320370718266637,0.7981646180939554,0.08328970168998862
IRF9,1.9678,6,0.7922906916936994,0.3639551631285616,0.7334269387225497,0.0781326900907713
NR1H2,1.9649,6,0.8516210240169056,0.3791095247041142,0.6605591600989387,0.07357357336070454
HIF1A,1.9608,6,0.8130932285866481,0.3498653641430271,0.7042101183119975,0.09360613499157569
ID1,1.9607,6,0.7899219249348131,0.33533721585572046,0.7162152886070524,0.11920547794791445
EGR1,1.9604,6,0.7190042594564692,0.32826100569854094,0.8526285054479317,0.06054975683663849
AEBP1,1.9574,6,0.7567149688883406,0.3292629469597345,0.835450141597381,0.03595758305695302
ETV1,1.953,6,0.7327412870270819,0.3916964117978583,0.5759510522720052,0.2526506141541074
FOSB,1.9476,7,0.7704035586642053,0.4062871814139896,0.7159260743064821,0.05496211651239409
JUN,1.9463,7,0.7437810590876037,0.38524641492892475,0.7587253569525483,0.05856617105681418
NFE2L2,1.9428,7,0.7473907453539812,0.41868620452125993,0.6547972821886128,0.12192880337178882
BCL6,1.9411,7,0.7165171561955519,0.42394639614252616,0.7316610836369934,0.0689278658463363
AR,1.9404,6,0.7584684418403191,0.3246915899555388,0.7995643340528222,0.057662916741420885
TWIST2,1.9373,6,0.8203874216112509,0.35669108898490826,0.723581506829218,0.03661688803991218
SRF,1.9353,7,0.7692639438156978,0.40578621078339283,0.6938007529897862,0.06644386428866499
PLAG1,1.9346,7,0.7218560050471508,0.40829106393637676,0.7186060706495042,0.08588598725832834
HHEX,1.933,6,0.6755560019868536,0.26651637547748763,0.7813785577321662,0.20954721468413687
ERG,1.9327,5,0.6154575717398176,0.37773185546997307,0.8632401416207294,0.07626647415338075
GTF3A,1.9266,5,0.6099463467625016,0.5657837059302399,0.5515924253612121,0.19924864450003243
CTNNB1,1.9254,7,0.7009934881429014,0.4684701609368151,0.704298610001737,0.051595191503026314
RELA,1.9212,5,0.834548924196242,0.3533721585572046,0.6687880686351838,0.0645134230749601
ELK3,1.9204,7,0.7282169030272276,0.40221679504039076,0.7389376605569116,0.051004419446812305
SMAD1,1.9159,7,0.7679325832849123,0.4019036883962678,0.639559664454945,0.1064604925982881
KLF2,1.9152,6,0.6207660795872536,0.4468031811635043,0.7903071789891436,0.057281945177272975
NR3C2,1.9133,6,0.6407818134334107,0.38631097751894294,0.7860236057766441,0.1001929406754433
RARA,1.9125,6,0.7575182876469408,0.3667731229256685,0.7056988451547975,0.08248250174751952
SPI1,1.9125,5,0.6646879040550233,0.3823658338029933,0.8119748966911218,0.05349291638434549
CREB3L1,1.9087,5,0.9124315197511259,0.3784833114158682,0.5154738946917072,0.1022740943480448
TFAP2C,1.9076,7,0.7777413740473942,0.4050973761663223,0.610494758396937,0.11431330895416103
MEF2C,1.9074,6,0.6006180717442677,0.38631097751894294,0.8275015609993863,0.09293593157513061
NFIA,1.9074,5,0.5737831890412189,0.3727847704928298,0.8672685827174104,0.0935407256956131
ESR1,1.9072,6,0.738377042081296,0.3762915649070073,0.6775249145944682,0.11504767299321599
BTG2,1.905,5,0.5996713524091628,0.36170079529087606,0.8246317073074027,0.11904495214722274
JUND,1.9029,6,0.6898189814371868,0.4360949339344981,0.7225895060181253,0.054436216269539206
VENTX,1.8972,6,0.6234101272352486,0.36589642432212416,0.678687785907385,0.22921866356461829
TP63,1.8902,6,0.6915895311131901,0.354561963804872,0.7889289924608055,0.055069643412541544
PITX2,1.8901,6,0.7679686392961301,0.3733483624522512,0.6780442257960547,0.07076199095645792
WT1,1.8897,6,0.800221596020278,0.39701922474794915,0.6078015406202801,0.08466412883479815
HOXB2,1.8894,7,0.7432338565529697,0.4612687081219864,0.652279212593449,0.03257122610406872
NFE2L1,1.889,7,0.7120423007933284,0.4461143465464337,0.6203449929477858,0.1104581799274894
HOXB7,1.8884,5,0.6519658632008415,0.35330953722838,0.6868290369347934,0.19629557797950287
GATA4,1.887,7,0.7781067378876521,0.41762164193124174,0.6329469834196264,0.058352377614276425
FOXC1,1.8829,6,0.6828856690334792,0.3776066128123239,0.7287104118297817,0.09369122471938889
MKX,1.8818,7,0.8056667654679102,0.42219299893543744,0.5945730931925443,0.05932886899763575
ETS2,1.8818,5,0.6724780026085564,0.33546245851336964,0.8126156873218555,0.061194526420494846
TEAD4,1.8815,6,0.7655938692186938,0.34861293756653516,0.7036230235722956,0.06363206844929756
NRG1,1.8806,6,0.8482976115520544,0.400463397833302,0.5702185072764919,0.061642703563045395
EPAS1,1.8787,7,0.6873482002169042,0.40459640553572546,0.679277480177228,0.10743669031361627
NFKB,1.8756,4,0.7361722050433344,0.38324253240653766,0.6849387149402175,0.07122223341501614
TCF21,1.8736,7,0.6925094125995448,0.4407289122675183,0.6307172521238611,0.10964316701326243
FHL2,1.8734,6,0.7071647196007573,0.357505166259628,0.7400210391012185,0.06872023164285031
GLIS3,1.8704,7,0.8479503205983826,0.43390318742563716,0.5110052908121729,0.07757028932641807
KLF9,1.8683,6,0.6314779317141744,0.3880643747260317,0.7766834841926287,0.07211342864608412
PPARG,1.8665,6,0.5199833185603043,0.4144279541611873,0.7686969414676678,0.1633457397820195
VSX1,1.8651,2,0.4910046037755217,0.3710939946145657,0.5029769166955469,0.5
PPARA,1.865,6,0.718003958088512,0.36332894984031555,0.6719239090273397,0.11178651365476891
SP1,1.8626,6,0.6678862200645564,0.38430709499655585,0.7019218510963794,0.10843988523484499
NFATC2,1.862,6,0.826882814708696,0.2881207339219738,0.6686832514690588,0.07829686064668287
THRB,1.8579,6,0.7247633664619275,0.3585697288496462,0.6336783616474233,0.14085776132045857
FOXC2,1.8558,6,0.8091245945084193,0.32199887281608114,0.6429707249288482,0.0817285437412067
HTATIP2,1.8555,6,0.7368969733106039,0.35049157743127307,0.6947955143835459,0.07332398669261622
REL,1.8538,6,0.6640548861647769,0.39802116600914267,0.7291735388343161,0.06255576888335293
NR4A3,1.8516,7,0.6248595886429342,0.4419187175151857,0.725227247428032,0.059576583824135436
PGR,1.851,7,0.6953391630964938,0.40816582127872747,0.6840535400028636,0.063456251658017
ELK4,1.8504,6,0.6619494936644246,0.3686517627904064,0.730999910963757,0.0888351901357952
PPARD,1.8487,6,0.7989381683732459,0.27879015592710876,0.711589241201503,0.059398487016071685
FOSL2,1.8479,6,0.777679292435548,0.3333333333333333,0.6577623948907148,0.07916206664647185
MEF2A,1.8476,6,0.7656256342182124,0.36101196067380553,0.653551900819149,0.06742109256846328
PAX3,1.8427,6,0.7784868051263418,0.3609493393449809,0.6644319933124869,0.03882052153448198
NUPR1,1.8416,5,0.6418744998539504,0.4060366960986912,0.6355544144771508,0.15810469472514882
USF1,1.833,6,0.7404752994819316,0.3969566034191246,0.6282551060164112,0.06730369000969712
HDGF,1.8322,6,0.6829598587524615,0.43177406224560083,0.48810996846943894,0.2293993099097272
AP1,1.8319,4,0.7052344390143903,0.38324253240653766,0.6859018909082791,0.05749920031936125
KLF10,1.8316,6,0.802918264662807,0.34253866867054916,0.6303502863795092,0.05581056473935894
ELF3,1.8289,6,0.7548088625622886,0.3193687770054481,0.6709962095496025,0.08372266418005922
PRDM16,1.8254,6,0.6141670919253094,0.43045901434028433,0.6920602552240849,0.08876352656762487
NFAT5,1.8243,6,0.7838778539693942,0.3896925292754712,0.583604148643317,0.06715873796218128
MYOCD,1.823,5,0.7984309811325659,0.3698415680380738,0.5901443773968441,0.0645902355706797
NKX3.1,1.8212,7,0.7996643855155434,0.4010269897927234,0.5548465263564719,0.06566224384435973
SCX,1.8191,6,0.702841488238455,0.4251362013901935,0.6298562168246922,0.06130059354904965
CEBPZ,1.819,5,0.6547876117122404,0.49339344980900496,0.5491034012777342,0.12168682870370225
TCF7,1.8182,5,0.6555446137901069,0.35882021416494453,0.6917476918663769,0.11204732280382582
PLAGL1,1.8153,6,0.7896981591144174,0.3427891539858476,0.6300136590160179,0.05283751788726525
SRSF2,1.8135,4,0.555631863190511,0.39676873943265073,0.3820547706648329,0.4790193743627715
BMAL2,1.8109,5,0.6754615997294762,0.4457386185734861,0.5905055928541738,0.09920826241938462
MEOX2,1.8068,6,0.7386575925825434,0.36533283236270275,0.5966633877024832,0.10618820936408732
ZNF335,1.8054,6,0.6726245994911835,0.5173774187488259,0.513257158822164,0.10212266602463718
ATF6,1.8029,6,0.7870509151603002,0.33370906130628086,0.5527672857445102,0.1293957516191001
HIC1,1.802,6,0.61414792530882,0.37685515686642873,0.7332082431836626,0.07776244948364591
IRF2BPL,1.8,1,0.5054851540078735,0.3745381676999186,0.4199676102192593,0.5
FOXP2,1.7964,7,0.6995351637178728,0.4429832801052039,0.5600394043567879,0.0937971547509318
STAT5A,1.7952,5,0.5941179427280443,0.2990168451374538,0.8301341625202434,0.07197242359038254
FIGLA,1.792,1,0.5227355039960764,0.3493017721836057,0.4199676102192593,0.5
LMO2,1.7919,6,0.47681550573137005,0.40985659715699163,0.8134304560563359,0.09182830378404577
ETV5,1.7904,6,0.7440149797169496,0.2993299517815768,0.66537006911086,0.08167450259178785
LITAF,1.7885,6,0.603871204989202,0.35844448619199704,0.7516579957172912,0.074484208324892
CUX1,1.7852,5,0.7433065925185569,0.3743503037134448,0.5668747454035394,0.10068245412500293
MAFG,1.7839,7,0.6773389851570784,0.390193499906068,0.6590952082064993,0.05723292286903414
NFIC,1.7769,6,0.7805654075859416,0.2371469722587513,0.704944535627659,0.05428270033254126
IRF4,1.7766,6,0.6327896553538822,0.354561963804872,0.7311442304884668,0.05815164188316205
SMAD2,1.7766,5,0.7532318299036562,0.36145030997557764,0.5777716954694547,0.08415271803238866
TCF3,1.7754,6,0.5684258297135052,0.4551944392260004,0.6699283503292568,0.08186377981696427
LYL1,1.7728,5,0.5193615862845014,0.36464399774563216,0.7506346897652839,0.1381613988282318
NKX2.5,1.7707,5,0.7684922754149894,0.34285177531467215,0.6091859699360455,0.050133962475675406
BARX1,1.7693,6,0.5937952060594844,0.3860604922036445,0.6736846442441877,0.1157162842148183
ETV2,1.7693,5,0.70979858902364,0.33947022355814394,0.6364448988091138,0.08354906508873822
RARB,1.7682,6,0.6673042040388044,0.35474982779134573,0.6826776825076056,0.06348679469117993
USF2,1.7672,5,0.7255027869047743,0.3236896486943453,0.6334761277232451,0.0845191355023867
TP73,1.7642,5,0.5918911627948781,0.4638361826037949,0.6445679544602253,0.06389540766139232
TFEB,1.759,6,0.7955927232512355,0.32218673680255494,0.5639677877899022,0.07725699149581003
CEBPA,1.7581,5,0.6195861191793395,0.28668044335900805,0.7643191062580648,0.08750328409660328
BATF,1.7541,6,0.49363973523197247,0.44198133884401025,0.7620341472926824,0.056398933703063196
KAT6A,1.7536,5,0.5993157662800783,0.4714133633915712,0.6263664488244689,0.05648364563513337
CREBBP,1.7521,5,0.5780504582153623,0.5246414928924792,0.43957123959364,0.20987292135224267
IRF7,1.7512,6,0.679711599971931,0.2716513244411046,0.7472764945606813,0.0525941340800052
OLIG1,1.751,6,0.7976516483293108,0.34923915085478113,0.5497042962613932,0.054377266891302206
RFXANK,1.7505,6,0.5972010517080393,0.39620514747322944,0.7161981209416276,0.04087507137613182
NFKBIB,1.7499,5,0.7098184634911953,0.3563779823407852,0.6322592304061077,0.05144449773917679
NFATC4,1.7497,6,0.7363672206950775,0.3503663347736239,0.5974103982579477,0.06555564157008234
ERF,1.7475,6,0.5806182925977029,0.3844949589830296,0.6231539972582132,0.15924686161570945
ID2,1.7456,5,0.5687482156274708,0.3124804308347423,0.7843855730093705,0.08000246276086834
PURA,1.7453,6,0.6233707388114664,0.37860855407351746,0.6972663275193502,0.046008922927861226
DNMT1,1.7432,5,0.6025044109268405,0.512993925731104,0.5192575519647276,0.10847107246817181
XBP1,1.743,5,0.6065058793426558,0.35330953722838,0.7123770438704519,0.07085274372561504
ETV7,1.7419,6,0.6919846925075164,0.3097877136952846,0.6756124576652525,0.06454449891696475
HOXB5,1.7387,6,0.5604593323327464,0.3457949777694283,0.7373660312588681,0.09503265510610653
ZNF410,1.7376,6,0.6078532014027476,0.411985722337028,0.48050170120228397,0.2372332138886003
MAFB,1.735,6,0.490726818332745,0.4029682509862859,0.7878904928490613,0.053413003626652175
HR,1.7305,6,0.6004613317607714,0.3908823345231386,0.6472750245337275,0.09189539096048359
ZNF217,1.728,6,0.454284838027841,0.45838812699605486,0.6533875088998872,0.16194892921313606
HNF4A,1.7238,6,0.6396646766369783,0.43991483499279854,0.5947036912199742,0.04953163220660568
SOX6,1.7194,4,0.6964035301081957,0.3697789467092492,0.5691598698704129,0.08406462307575774
STAT4,1.7191,5,0.5715248997349698,0.3808629219112029,0.694386105514867,0.07230800591710704
HSF1,1.7174,5,0.7032274500081087,0.36533283236270275,0.5936884370044876,0.05519480597376548
DLX4,1.7159,6,0.5714420879899794,0.43477988602918155,0.6315021869900908,0.078219202200083
SMARCA1,1.715,5,0.5180877431653057,0.39733233139207214,0.4594954693806652,0.34004758964446435
CREB3,1.7107,5,0.6434893344913848,0.3716575865739871,0.5522947683099425,0.14327886572911835
GATA1,1.7102,5,0.6660274817073477,0.4111090237334836,0.5461218839076728,0.08696306344768698
MAFA,1.7093,6,0.6233326592535767,0.4974638361826038,0.5260673621819967,0.06247932950961457
KAT5,1.7073,5,0.5166879337779384,0.5449308034316488,0.5114414090411137,0.1342773142894782
ZBTB4,1.7068,6,0.5535670577287366,0.47435656584632724,0.5875818768798744,0.09124599668935643
NR2E3,1.7063,5,0.7354935451505236,0.38324253240653766,0.536030312146205,0.05152627143301461
MEF2B,1.7032,7,0.7131732487348506,0.38537165758657393,0.5865993697147989,0.018031170376626056
CDX1,1.7015,5,0.6803877597016043,0.3504289561024485,0.604794119597485,0.06585866958816243
YBX3,1.7012,5,0.6751951935657912,0.3710939946145657,0.45444651806146596,0.20046254584415021
GATA6,1.7005,5,0.583388870453106,0.3662721522950717,0.6940518218660399,0.056822696672051046
TCF7L1,1.6997,6,0.5632219267403944,0.48387500782766607,0.574556626577199,0.07805882751768847
ESR2,1.6989,5,0.5905976603441162,0.3897551506042958,0.6484510158438812,0.07013195618553986
EOMES,1.697,6,0.5056257719637858,0.4101070824722901,0.7253452130647688,0.0559205336800309
EP300,1.6964,4,0.556325230872284,0.3771056421817271,0.4174292987239842,0.34552975952373993
HOXA4,1.6953,5,0.39303200513811476,0.4260755213225625,0.8195346889274548,0.056679719288882775
SOX2,1.6943,5,0.5270465365136147,0.37860855407351746,0.6884048438107973,0.10028744024361888
ZNF384,1.6942,4,0.6652326742358227,0.3162377105642182,0.5791626442982587,0.13355568391436395
PBX2,1.6935,6,0.598488172766801,0.43953910701985094,0.5564333942487968,0.09900642835425442
MBD2,1.6928,6,0.5280964430695662,0.44492454129876635,0.4651331112832453,0.25467959618199776
SRY,1.6915,5,0.7643915093004147,0.3312668294821216,0.5127611472942057,0.08308175512342438
GRHL2,1.6868,6,0.6117037633864417,0.3960172834867556,0.5198349217122423,0.15921363428537028
SPIC,1.6866,6,0.5619596507174236,0.4121109649946772,0.607108661064606,0.10541735726689877
IRF5,1.6858,5,0.5289418245727913,0.37053040265514436,0.7296062251317993,0.05669520268266447
FOXN1,1.6841,5,0.6057941621708822,0.4627716200137767,0.5314957888448122,0.08404273974419316
SP7,1.6829,4,0.6736900904786647,0.3650197257185797,0.5784418114517607,0.06577128582228076
TBX15,1.6816,5,0.646041414187184,0.31172897488884715,0.5696132216094577,0.15425182857813385
HOXB6,1.6806,6,0.5253726746099738,0.41843571920596156,0.6568563245003183,0.07991730837935065
NPAS2,1.6806,5,0.6308392949207052,0.37566535161876136,0.6139398094069168,0.060177871065370286
GSC,1.6804,5,0.5250639930048586,0.3823658338029933,0.6428772517332063,0.13009983902941297
DMAP1,1.6796,6,0.4998012319082853,0.5474356565846327,0.462509161219366,0.16982782438072186
ATF1,1.6771,5,0.6605433106904445,0.3555012837372409,0.5726955525222078,0.08834932689417749
ID4,1.6763,5,0.5663915896607802,0.37497651700169077,0.707536691164494,0.02737330662600452
HNF4G,1.6748,5,0.8153285939580693,0.3519944893230635,0.4724793296289852,0.03497795635840673
SP3,1.6744,4,0.7060989959151656,0.30114597031749013,0.6056038636711044,0.06150308349874814
ZNF362,1.6738,5,0.5980243498190874,0.43791095247041145,0.5286374904491403,0.10921829402585437
MIXL1,1.6731,5,0.5521284853242492,0.37716826351055166,0.5612001441706623,0.18262106709957746
NFYA,1.6722,6,0.4834881108798359,0.4437973573799236,0.5656053881177958,0.17931099294941225
CXXC1,1.6719,5,0.5777545296375134,0.4297075583943892,0.5525259436400296,0.11194574170760932
HOXB4,1.6709,5,0.4126056228187954,0.3330202266892104,0.7487917941805233,0.17646442432248055
DDIT3,1.6688,5,0.6576473109926377,0.3045275220740184,0.6409516031784201,0.0657174440866974
IRF6,1.6676,5,0.6322376622627583,0.31241780950591774,0.6358191532426923,0.0870782140322406
CEBPE,1.6669,5,0.36511435324699887,0.3764168075646565,0.835643213323421,0.08970373553836843
SPIB,1.6644,6,0.5629686589949765,0.3880017533972071,0.6416520726680672,0.07182658430709082
MLXIPL,1.6638,6,0.6009125880348418,0.4335274594526896,0.5452283435817789,0.08412824387888326
LMX1B,1.6635,5,0.626842374606535,0.40879203456697355,0.552579260479259,0.0752704464458254
TBX10,1.6609,5,0.6642077249181053,0.3948900995679128,0.5554385532185668,0.04632639598564993
LEF1,1.6603,5,0.4761385888791233,0.3631410858538418,0.6982234439973349,0.1228362445987672
RFX2,1.66,6,0.5317811913069629,0.37291001315047906,0.5824879785589508,0.17280171250993406
CDX2,1.659,6,0.6033847064155458,0.3615129313044023,0.6220813202538703,0.0720325382932207
NCOA1,1.6586,6,0.6737336835670481,0.40948086918404414,0.4927895266890836,0.08257629246182673
HIVEP3,1.6578,5,0.7485004192244279,0.3823032124741687,0.48166942633581306,0.04536451244470083
ARNT,1.6553,5,0.635723912182141,0.3799862233076586,0.5674264410649048,0.07216617048973109
ZBTB32,1.6551,7,0.6030050245678567,0.43740998183981467,0.5358609080231834,0.07886122594889983
NFE2L3,1.6544,6,0.6810445142626369,0.28699355000313104,0.6281737878375382,0.058188112025208884
PBX1,1.6523,5,0.7617723052247005,0.38286680443359006,0.46746749468854104,0.040221512783268125
ELK1,1.6519,5,0.5658955860766712,0.4096061118416933,0.5246101166591182,0.15178573298076137
TP53,1.6501,6,0.7321217670907576,0.1601853591333208,0.6976654276916583,0.06013591626388706
HDAC3,1.6485,5,0.47976894381121943,0.5394827478239088,0.49760975761698006,0.13159665797367748
NR1I3,1.648,5,0.6481780818989986,0.41461581814766113,0.5156989260013861,0.06955380562298408
KAT7,1.6475,4,0.6192613945761873,0.35005322812950085,0.5962706895905427,0.08187762739412667
KDM5C,1.6473,5,0.5595164000740193,0.4677813263197445,0.47076467323051036,0.14925719358926892
NR1D2,1.6471,7,0.6717794033659081,0.4453002692717139,0.48870951363717335,0.04130464850476079
ELF2,1.6471,5,0.5491318366199969,0.4539420126495084,0.5445940324234007,0.09944360579848072
TGIF1,1.6469,5,0.44245348455995537,0.354561963804872,0.7136194288621132,0.1362214971417454
BHLHA15,1.644,5,0.7205214160130202,0.3415993487381802,0.49160556772784414,0.09023813969076272
SMAD6,1.6428,6,0.7306106221459807,0.26776880205397957,0.6054235787148369,0.03901812428729027
HOXA7,1.6418,5,0.5770600687136739,0.38286680443359006,0.6064534299838787,0.07543265246387322
MEF2D,1.6417,5,0.7273792205629557,0.33427265326570227,0.5205049718498691,0.05956475453309711
ESRRA,1.6406,6,0.6756013459211881,0.36952846139395074,0.5485821263030786,0.04685163099641297
HOXD10,1.6395,5,0.6037372284422562,0.44292065877637926,0.49754592298003364,0.09531469403904061
ATF7,1.6394,5,0.7074521027429616,0.3295134322750329,0.5577501886218714,0.044714512921424525
ZBTB7A,1.6369,6,0.44613697710566114,0.47003569415742996,0.6577987856433087,0.06292982094320126
RUNX3,1.636,6,0.43824425624619145,0.3839939883524328,0.696773375099598,0.11695222624048024
NR1I2,1.6331,5,0.6197256224283699,0.3340221679504039,0.6363465241889362,0.04303414288911138
AIRE,1.6327,5,0.6764573159201983,0.3345231385810007,0.5750706021352838,0.04666374655224383
HNF1B,1.6323,5,0.6495250819868619,0.3865614628342413,0.5302442790263171,0.06601779326032337
NCOA3,1.6295,7,0.5557387604095353,0.3931367023608241,0.560529830209422,0.12010637824529657
ZBTB16,1.6288,5,0.49260823914561025,0.3796731166635356,0.6984833164851628,0.05802451400511409
ZFPM2,1.6257,5,0.5810283256941259,0.3723464211910577,0.5443221922202226,0.128030605007244
SREBF1,1.6255,4,0.4391188508751065,0.347235268332394,0.6255607577577952,0.21354865738091985
CEBPG,1.6247,5,0.4604148931403737,0.3556891477237147,0.7452520118076522,0.06332820149097984
MYRF,1.624,6,0.564000356070063,0.42720270524140525,0.5639135606924719,0.06885617657247622
DLX2,1.6237,5,0.593415077841206,0.39564155551380803,0.4515337020509613,0.18311019418483082
SOX10,1.6226,6,0.5752033202424044,0.4055357254680944,0.6296739084792272,0.012147152018339092
NCOA2,1.6224,5,0.5771321607348041,0.4573861857348613,0.5373219333865681,0.05051063807379695
SOX9,1.6217,6,0.6869316774287315,0.32556828855908326,0.5871004397157509,0.02210299369397367
SOX5,1.6215,5,0.6585054245461507,0.33433527459452694,0.44158415592794514,0.18708926981570606
ATF3,1.6211,5,0.4968779977504834,0.3310163441668232,0.7508976329286265,0.04227724664456621
TAL1,1.6191,5,0.4010687871049943,0.4105454317740622,0.7154579653511488,0.092062530134079
KLF8,1.6189,6,0.532281574689052,0.39081971319431397,0.681760769989957,0.014028763326997996
OVOL1,1.618,6,0.5778711270016743,0.40691339470223553,0.5739300152422246,0.05928683084740098
DBP,1.6176,4,0.5907964489249726,0.37009205335337214,0.5482344601680906,0.10850982730076361
CLOCK,1.616,6,0.6644389980576273,0.43978959233514936,0.4661136938261423,0.0456561699793563
HIVEP2,1.6154,5,0.5101028036055714,0.3823032124741687,0.6655327641949418,0.05746647931321376
DOT1L,1.6126,5,0.500730579378156,0.5026614064750454,0.5408232593524822,0.06835507530956972
EHF,1.6109,6,0.5755567935506987,0.3483624522512368,0.59670903363658,0.09031190956757046
ZFP42,1.6109,6,0.6459768787566877,0.2943828668044336,0.5955722506084368,0.07496872552312012
NR1H4,1.6104,4,0.6122964879158095,0.36683574425449306,0.5765825672559977,0.054692905497596395
PPARGC1B,1.6101,5,0.3179497210860933,0.4294570730790907,0.6086843166758064,0.25400900016956407
ASXL1,1.6088,5,0.5999948613232341,0.4699104514997808,0.41025599562429715,0.12865458491978982
KDM5D,1.6076,5,0.6927687539119991,0.30089548500219176,0.5807342424535484,0.033185557035441626
NKX3.2,1.607,4,0.5908811973817008,0.38324253240653766,0.4929037614239272,0.13993520748479887
FOXD1,1.6068,5,0.6393230441013029,0.38324253240653766,0.4415711035549734,0.14268095372284129
ATF2,1.6065,5,0.5567647073533241,0.4322750328761977,0.5431460661064349,0.07430043679107992
HOXA5,1.6056,6,0.5140589446735001,0.3848080656271526,0.6777845330464052,0.028944727376671732
RFX1,1.6056,6,0.5351539021105179,0.4268895985972822,0.5991000528088564,0.04442402538513199
SSRP1,1.6035,5,0.5833353869632691,0.4178095059177156,0.5487491368830302,0.05357614050225241
TFCP2,1.6023,5,0.5939075694888415,0.40973135449934245,0.48961007353975117,0.10900866023129135
LHX8,1.6023,4,0.5539706845534871,0.3064687832675809,0.5838191973657458,0.15807401303705337
SMAD4,1.602,4,0.6944844912309682,0.30064499968689334,0.5240075817870286,0.0828589568998776
FGF2,1.6006,6,0.6848832462061198,0.3864362201765921,0.4584128591725817,0.07087456006659423
PREB,1.6004,6,0.5977718479773038,0.38092554324002753,0.568857817636975,0.052852278405893266
GFI1B,1.5992,5,0.554754019569109,0.4208153297012962,0.5850279931179567,0.03856212015169659
NFYC,1.5975,6,0.5795727965734443,0.4149915461206087,0.5408375436438109,0.06212828637895694
TBXT,1.5968,5,0.5381270868447047,0.33533721585572046,0.6070470931752325,0.11632990161856108
TBP,1.5949,5,0.5331271152270444,0.40791533596342916,0.4275670605279456,0.22631473775429234
NSD2,1.5948,5,0.41995315444573234,0.41705804997182044,0.6140126701036782,0.14381467902068612
NKX2.1,1.5925,5,0.4552731234898002,0.45225123677124424,0.5733416614454803,0.11158662387453477
TEAD1,1.5877,6,0.5993628634995478,0.4464900745193813,0.43017951357695217,0.11170492535348127
NFIL3,1.5867,4,0.5517618804274016,0.37766923414114845,0.5740327943375683,0.08328412667115803
MEOX1,1.5861,6,0.5638623299905896,0.2534285177531467,0.6791930570658109,0.08964318072296364
ABL1,1.5856,6,0.574603638185882,0.39463961425261446,0.4762325880152234,0.14010974911807672
MYF5,1.5812,4,0.6562403084529852,0.3288245976579623,0.5313334189800584,0.06480883675615756
RXRB,1.5812,4,0.5839830321494207,0.35994739808378734,0.6015970636739688,0.03565396614488997
KLF15,1.5801,5,0.5041318559480873,0.28755714196255244,0.683228635191847,0.10522881226439956
KLF3,1.58,5,0.5348356764680132,0.3375289623645814,0.6586022326521301,0.049055544916688947
FOXA3,1.5771,6,0.6374129414169247,0.3688396267768802,0.5056940031684317,0.06513902711972076
IKZF2,1.5763,5,0.6283725544518897,0.3989604859415117,0.49874729029569437,0.05026156084574149
CREB3L3,1.5756,5,0.6279304387742498,0.3310789654956478,0.44911033312083176,0.16744356012024902
ARID4A,1.5747,5,0.6839364263766525,0.38512117227127557,0.34569549761130447,0.15993513846891677
DLX5,1.5747,5,0.5426642350920696,0.35493769177781953,0.5924439004934421,0.08464979207057055
HOXA13,1.5743,4,0.3906210536754262,0.45788715636545807,0.4809248702742366,0.24481876429353194
RBPJ,1.5741,5,0.5926177497174016,0.4499968689335588,0.4878835263930175,0.04355394153597634
SOX17,1.5731,6,0.4739582275845632,0.4280794038449496,0.636398812872397,0.03470880766043263
FOXM1,1.5714,4,0.613613272861381,0.3523075959671864,0.4109599931430419,0.19455027615388787
ZGPAT,1.5708,5,0.4932320344828588,0.32857411234266387,0.6852683774492921,0.06377504583246582
GLI2,1.5707,5,0.488207776890277,0.4121109649946772,0.45574625020958176,0.21461091229274748
KDM5B,1.5707,4,0.6005599333165463,0.35975953409731354,0.5144426095213057,0.09597159125572823
MECOM,1.5703,5,0.5401420958864946,0.4191871751518567,0.5198587294576524,0.09108946617601722
TEF,1.5703,5,0.5727861044685258,0.3211221742125368,0.5808659189100495,0.09550196699937824
ZFX,1.5692,5,0.49987297366265804,0.4055357254680944,0.6084844415927727,0.055279919070387526
NFIX,1.569,4,0.5005081892572818,0.3784206900870436,0.6075836454501632,0.08249552440572963
MZF1,1.5688,6,0.7227218469098194,0.40728912267518314,0.39058236000897995,0.04825138525625083
RREB1,1.5685,4,0.5896184227896126,0.3452940071388315,0.45589458448014,0.17765619384669973
FOXQ1,1.5664,7,0.49116273555715073,0.423508046840754,0.5572566702937949,0.09450758601388629
SOX7,1.5634,6,0.4223092623298372,0.38699981213601353,0.671895784896267,0.08222292101884765
PAX1,1.5625,4,0.4409905208078172,0.4519381301271213,0.5180144075347726,0.15154019067452415
E2F4,1.5601,4,0.41030860805885283,0.38023670862295694,0.29705230748656564,0.4724678252008112
AHRR,1.5589,5,0.697088601151046,0.3235017847078715,0.3384802256469396,0.19987729505850643
TWIST1,1.558,4,0.6294095172364212,0.37616632224935814,0.5197559116563149,0.03267188023753427
NFATC3,1.5573,5,0.5241262210828472,0.41248669296762475,0.5807183983551557,0.03997849508734668
SNAI2,1.5567,5,0.49760162252850526,0.43045901434028433,0.5634251052863539,0.06525985009314184
ZXDC,1.5565,5,0.5260541215139074,0.4431711440916776,0.5201513992691938,0.06711098535922314
HOXA1,1.5557,5,0.5778284964151192,0.3955789341849834,0.5539688172269726,0.028318824211157813
E2F3,1.5555,3,0.2666536637369151,0.42626338530903624,0.2766961566240053,0.5858850532849347
HOXB9,1.5554,6,0.48324548187738425,0.39188427578433216,0.5764088996899948,0.10387220617321671
FOXO6,1.5553,4,0.5618552043900292,0.38324253240653766,0.5405879513789791,0.0696320366054007
HBP1,1.5547,5,0.5074197724382636,0.3689648694345294,0.6575547132091217,0.02072069749226508
ZNF436,1.554,5,0.595805540162085,0.337278477049283,0.39405069111714275,0.2268673150503666
MTA1,1.5537,5,0.6176591261245594,0.42720270524140525,0.3937592625667844,0.11507512744880968
HINFP,1.5532,5,0.43342889862594913,0.48788277287244036,0.4381702401084243,0.19373043602271345
DMTF1,1.552,4,0.6210536661573658,0.37291001315047906,0.4962402007456921,0.06181350540794742
TCF12,1.5505,4,0.4051965827881463,0.49076335399837184,0.562069659196767,0.0924323882716996
KAT6B,1.5498,4,0.5598517004892021,0.3639551631285616,0.538494090578845,0.08748712846008709
MTA2,1.5494,6,0.5318493391682948,0.3963930114597032,0.39274204769250415,0.2284149993229277
HOXD3,1.5479,4,0.6521168179287967,0.2948838374350304,0.488109475079241,0.11276033320431672
CREB1,1.5474,5,0.604029049435009,0.3896925292754712,0.48947941767577846,0.06422824648995816
ZFPM1,1.5469,5,0.49957433222486614,0.3117915962176718,0.5052231033774705,0.23034865530576965
BMAL1,1.5468,4,0.5911724290677082,0.35719205961550504,0.5105061512170539,0.08792783848925073
OLIG2,1.5464,4,0.5035919421817336,0.46389880393261945,0.36487023521029205,0.21405276231472348
TSC22D1,1.5455,5,0.5369448004313584,0.5059177155739244,0.4166875833264415,0.08594555980480126
POU2AF1,1.5426,6,0.41350220376038227,0.42332018285428014,0.598809058477464,0.10696424388411788
AIP,1.5417,4,0.5644253340440892,0.33114158682447237,0.5483037127543877,0.09786306731756174
HMGA1,1.5409,4,0.5775578060694493,0.30427703675872003,0.5644078166589145,0.0946339014363467
GABPA,1.5403,5,0.5351135541119278,0.3733483624522512,0.5303056627285474,0.10149695058855435
ARID3A,1.5402,3,0.36140641569160414,0.31943139833427264,0.4254410350468947,0.43390640845026096
HOXD8,1.5394,0,0.36939246215283283,0.33790469033752896,0.3320660293931502,0.5
E4F1,1.5378,5,0.6090447469568447,0.4590143402843008,0.4116535502760572,0.05813151043330071
SMAD7,1.5352,6,0.41669374518152696,0.43960172834867556,0.599115959637653,0.07979621900150875
ZIC1,1.5335,6,0.5963685617777061,0.4259502786649133,0.4770887490285418,0.03406175572291223
TLX1,1.5325,5,0.6383040039496508,0.4081031999499029,0.4396645068022109,0.046430803928776604
NR2C2,1.5307,4,0.6502236646430621,0.33633915711691403,0.48966611625972206,0.05451735744761756
BACH1,1.5289,5,0.45902467852541373,0.421316300331893,0.3973549039173797,0.2512334968692963
ZNF354C,1.5289,4,0.5652612968839592,0.36332894984031555,0.5693604656857465,0.030900099214614833
SMAD5,1.5259,5,0.6272707571929586,0.38324253240653766,0.42996306209591745,0.08546261376948794
RORC,1.5249,5,0.5459879807493936,0.35224497463836185,0.5780360778729148,0.04861767263987961
HOXA11,1.5227,6,0.6329482744843844,0.38887845200075144,0.477985768889817,0.02285218991600377
GBX2,1.5217,4,0.5189247943688751,0.34967750015655336,0.45297693466936484,0.20009420823702528
ZKSCAN7,1.5182,3,0.4651051982106016,0.36207652326382367,0.41344872359484214,0.2775466525552297
EZH2,1.5179,5,0.41481560994890204,0.5168138267894045,0.40271267479039563,0.1835830690424914
TFAP2B,1.5175,4,0.6198610649246284,0.24541298766359823,0.6009933636179944,0.0512540411681139
SALL1,1.5172,6,0.5852631805580898,0.3130440227941637,0.5166020565158336,0.10224277235458695
EMX2,1.5168,6,0.485604218713518,0.41248669296762475,0.5656100034738941,0.053087292284784635
PAX9,1.5164,4,0.47592512519436414,0.3426639113281984,0.5179198866079169,0.17987186305678599
BRD4,1.516,5,0.4830780865644737,0.5536977894670925,0.4137154136763513,0.06553646434658224
FEZF2,1.5157,4,0.5775442466481018,0.30271150353810505,0.4536298300435647,0.18179567687630188
CHD4,1.5153,5,0.6230361574675939,0.3753522449746383,0.40409673751146036,0.11282494172909617
FOXP1,1.5152,6,0.6520904806005108,0.32149790218548435,0.5031902823745866,0.03838993876811231
SP6,1.5142,0,0.24998255008089215,0.3442294445488133,0.4199676102192593,0.5
THAP11,1.5138,5,0.47451507513878577,0.492454129876636,0.3618464842621464,0.18495930337518507
MYB,1.5124,5,0.43731107779463907,0.44010269897927234,0.5382398366886809,0.0967542017585683
SOX18,1.5109,5,0.5153503211318808,0.34034692216168827,0.597742280355568,0.05750220788505986
PARK7,1.5103,5,0.5591944210158696,0.38267894044711626,0.5079913467171672,0.06042897592707336
LHX2,1.5084,5,0.528898421252888,0.335399837184545,0.5369950715008439,0.10710015298157022
ATF4,1.5064,5,0.4374702696454384,0.31129062558707493,0.6553331711228898,0.10229011055066821
FOXA2,1.5063,4,0.4407240687874816,0.3888158306719269,0.5442083481044897,0.13252387622358303
MSX2,1.5061,6,0.45522465691268643,0.4131129062558707,0.5485464958785715,0.08920960207529977
HLX,1.5056,5,0.37070680401216183,0.48681821028242217,0.540197097362954,0.10789721787164241
HOXA2,1.5056,5,0.5313703732812739,0.4377230884839376,0.4440266932229766,0.0924521310203738
TTF1,1.5054,5,0.5669896047792652,0.44730415179410105,0.4317651548896778,0.05938361510612149
NFX1,1.5051,4,0.48042695650312667,0.3083474231323189,0.4869542292920156,0.22932452972141698
SKIL,1.5047,6,0.4543918469614716,0.40321873630158434,0.5877712826589074,0.05932322932510069
IRX1,1.5037,5,0.5250243138303976,0.39269835305905193,0.3599356859070134,0.22607049241694616
BHLHE41,1.5037,3,0.6718456111006454,0.3514308973636421,0.41026605517863846,0.07013083915647697
NANOG,1.5007,4,0.5108780985843799,0.3753522449746383,0.5201206102081974,0.09435924938388913
RXRG,1.4979,5,0.5413550413735386,0.3441668232199887,0.5725782146344063,0.03984063391539531
RB1,1.4977,5,0.6723723683987739,0.24798046214540673,0.5666733772479142,0.010632676381070117
ZFHX3,1.4965,5,0.44618959468533825,0.3727847704928298,0.5368012309936842,0.14071696191027486
ZNF76,1.4963,4,0.4103433439839339,0.39307408103199953,0.4033533319521848,0.28949084568977274
TET1,1.4946,5,0.3809148588756988,0.41993863109775187,0.567836059924723,0.12588002182459795
MLXIP,1.4945,4,0.4809817127013745,0.38324253240653766,0.41660051041158136,0.21371406336785914
MAX,1.4932,4,0.27137099983923046,0.36464399774563216,0.6133371481842266,0.24383743946154277
HOPX,1.4928,3,0.3473311055600019,0.4308347423132319,0.3071364312360382,0.4074709855985197
NR4A1,1.492,5,0.40297225667363,0.40002504853152987,0.6367264288576571,0.05230082904432601
HOXC13,1.4918,4,0.6320018629742433,0.37547748763228755,0.43598387687677087,0.04836497402541317
KAT2B,1.4918,4,0.5726752694315805,0.3675872002003882,0.43585202513105614,0.11572830513008915
FOXL2,1.4909,6,0.6140247762976472,0.3678376855156867,0.45647154714737426,0.0525451834361135
EGR4,1.4898,6,0.4945727097677801,0.42858037447554637,0.49966322137170505,0.0669498480746999
FOXH1,1.489,5,0.5823462053452739,0.3455444924541298,0.4532382415034488,0.1079126553067667
FOXA1,1.4883,4,0.5467290700816245,0.36032312605673494,0.35502629861403423,0.22620272637972716
MYBL2,1.4877,3,0.3102017682094257,0.5572045838812699,0.2584520886316648,0.3618322230448735
TCF15,1.4876,5,0.3946990295224317,0.3830546684200639,0.5345987718522296,0.17523310620512916
NFYB,1.4852,4,0.5451211724822028,0.3564406036696099,0.5199480611119488,0.0636567973228194
EBF3,1.4851,5,0.5310041157241637,0.34604546308472667,0.5559673887640275,0.052106659948497634
NPM1,1.4846,4,0.49582739212452687,0.4442983280105204,0.32444065630118135,0.2200256094102392
GRHL3,1.4832,5,0.46572290290652896,0.385684764230697,0.5200038217675504,0.1117738687923018
HOXA10,1.483,6,0.4518036024668684,0.3841818523389066,0.5119406095870507,0.13507446486518282
ELF5,1.4825,4,0.5863278085624314,0.3441668232199887,0.47735173757132565,0.0746639432864559
PBRM1,1.4794,4,0.5040524566208816,0.35775565157492645,0.4202344448921249,0.19734800163344857
MBD1,1.4771,6,0.6145940329542556,0.3982090299956165,0.3436683352467678,0.12059006585081064
RLF,1.4761,5,0.47517995705940297,0.3952658275408604,0.4972271279573105,0.10844735312719217
CREM,1.4734,5,0.5157353408888481,0.3539983718454506,0.5354033395552877,0.06825495398494587
HAND2,1.4725,5,0.47573369416676403,0.5164380988164569,0.4415886671782667,0.03873692663147469
PRDM1,1.4707,5,0.5111941284738541,0.33220614941449056,0.5852731328588027,0.042013439277334225
TAF1,1.4692,5,0.6018485554488638,0.2970755839438913,0.48059242182339534,0.08967155668858617
NPAS4,1.4683,0,0.28935949213810064,0.2752833615129313,0.4036175337276734,0.5
VSX2,1.468,4,0.43047996864513455,0.324816832613188,0.5962427714465409,0.11650974329768538
HOXD1,1.4677,5,0.5325497604810541,0.3677124428580374,0.5258348833052189,0.04158586251874255
NR5A1,1.4663,4,0.5395972978990029,0.3555639050660655,0.49017931814282584,0.08096850594979221
ZHX2,1.4648,5,0.6416088522763492,0.3576930302461018,0.45648723419730897,0.008961280750314497
NFE2,1.4635,5,0.4855623389076593,0.30377606612812325,0.5173927229834334,0.15675739019884735
SIN3A,1.4621,5,0.4781497703540886,0.4198133884401027,0.46383734093829654,0.10030679117526475
PITX3,1.4614,4,0.473013611313514,0.3722837998622331,0.5271039807714175,0.0889562982086842
ARID1A,1.461,4,0.574917762585168,0.3412236207652326,0.49950920043432145,0.04531729498746528
DEAF1,1.4592,5,0.5178979005340326,0.41392698353059054,0.44778965391168146,0.0795436567050939
MED1,1.4589,4,0.5037592048030591,0.37078088797044273,0.47796755438297134,0.1064160638189083
ARX,1.4588,4,0.4374934911606593,0.3827415617759409,0.5367883423426175,0.10174048473515131
MYOD1,1.456,4,0.46329380440607437,0.3612624459891039,0.57953205296919,0.051933042162129545
FOXF2,1.4526,3,0.4347275301918773,0.3697163253804246,0.5841917999485173,0.06396664046451955
FOXO4,1.4522,5,0.5164176766312667,0.3987100006262133,0.5156260639699353,0.02149297976055508
GATA5,1.4478,5,0.5519629589137737,0.4060366960986912,0.4408895448351654,0.048929401644453724
SATB2,1.4474,5,0.5861319933463209,0.3716575865739871,0.3939070780880453,0.09566460534038974
LHX1,1.4474,4,0.472856428862122,0.3409105141211097,0.5639826370997624,0.06964753168358681
KMT2A,1.4451,5,0.4435295079420001,0.4555075458701234,0.43546218014025095,0.11059119908224765
PIN1,1.4447,4,0.6470184252549442,0.3394076022293193,0.3599759570467182,0.09824837846951251
NRL,1.4424,4,0.49190937549546526,0.3748512743440416,0.4863268896615013,0.0893309041093022
EGR3,1.4404,4,0.4450858421768746,0.3171144091677625,0.6215505689841606,0.05667687141004463
TFDP2,1.4402,3,0.45703177190143246,0.3544367211472227,0.31405224293386574,0.31468367575285416
NCOR2,1.4401,5,0.3232765472019804,0.4441730853528712,0.54046568448306,0.1322081503737358
EWSR1,1.4373,4,0.48384243399967874,0.3794852526770618,0.44062777797811964,0.1333647615250447
PAX7,1.4342,4,0.5110283854638795,0.31698916651011333,0.4944174122574091,0.11178926883733195
MNX1,1.4331,5,0.48117209048951814,0.4166197006700482,0.48038247383912586,0.05489343480423262
TFAP4,1.4329,4,0.5233141666322855,0.3638299204709124,0.4526295897496363,0.09308845200087167
E2F5,1.4304,3,0.3269664060167484,0.4052226188239715,0.26749061266644625,0.43074492097634753
SIX1,1.4291,5,0.40694232011341835,0.35149351869246664,0.5511056022802845,0.11954109065409045
ZNF148,1.4288,4,0.465288031604029,0.3493643935124303,0.4736184065433865,0.14056998534495257
TCF4,1.4286,5,0.5161236847651555,0.4845638424447367,0.40143945936236525,0.026461235259033274
LMO4,1.4266,4,0.3287829947943979,0.36357943515561403,0.5214003682838837,0.2128024913144369
DLX1,1.4257,6,0.44900287727847615,0.4083536852652013,0.4717606959057949,0.0966324354642301
SOX4,1.4227,4,0.39376203423646217,0.4566347297889661,0.44781354974659476,0.12446817810098328
ZIC2,1.4218,4,0.5531374511600082,0.31135324691589955,0.47108937158464537,0.08620941624653183
ZNF331,1.4212,6,0.38981756173479404,0.41342601289999376,0.5753896387367963,0.04257898859919944
ZBTB17,1.4212,5,0.5015931898104594,0.4036570856033565,0.38951344193500836,0.12639165696757237
DLX3,1.4205,4,0.4888314624642658,0.3576304089172772,0.5091939793184211,0.06488912497271301
HDAC4,1.4176,4,0.43526041764610046,0.38148913519944894,0.5225986342261724,0.07828390731593898
E2F7,1.4158,5,0.6917598041748515,0.38054981526708,0.33238919062994193,0.011099807964476417
STAT5B,1.4144,4,0.4041845474838095,0.34291439664349677,0.5772750152620848,0.0900145866546902
APEX1,1.4132,5,0.4467200097831164,0.39996242720270525,0.4338384116439645,0.1326489445306113
DNMT3A,1.4132,2,0.2465134988447119,0.3704051599974952,0.3535567454748938,0.44271193141584875
HDAC7,1.4122,5,0.49263258853930403,0.4213789216607176,0.37174765812542776,0.12646709771421266
MYBL1,1.41,4,0.5068056865150492,0.42908134510614315,0.3456675719040625,0.12841632121854815
CTCFL,1.4067,5,0.49531725883795663,0.41599348738180225,0.4074128641945731,0.08795119171889179
BARX2,1.4065,5,0.5017770520515076,0.3866867054918905,0.47957671292370463,0.038436459055883915
NHLH1,1.4061,5,0.45242978283779095,0.3881269960548563,0.4859061101285503,0.07960546097281172
HESX1,1.4059,6,0.43160564355966097,0.41561775940885465,0.4851706157185073,0.07348006774586525
PHF20,1.4058,5,0.44883716988058137,0.4131129062558707,0.474796703307107,0.06906977994870203
PPARGC1A,1.4058,4,0.4057637739441257,0.39013087857724343,0.4827823024066309,0.12711928222111615
ZBED1,1.4053,5,0.402453803331975,0.38324253240653766,0.49957214928237337,0.1200119269726593
PAX6,1.4042,5,0.46735853890126705,0.33840566096812574,0.5550883876551462,0.043311952846604454
ZGLP1,1.4021,5,0.45402702901049197,0.4468031811635043,0.44608503393293086,0.05522785414323683
MAML1,1.4011,5,0.4490632324362066,0.38681194814953973,0.5151543651448933,0.0500843863266669
SMAD9,1.3998,4,0.44495056798428084,0.3141085853841819,0.5524321683596769,0.08830813625274356
HEY1,1.3996,5,0.504861585514695,0.33377168263510554,0.5223789483477178,0.038612996385437276
TRPS1,1.3974,5,0.4501682942983992,0.43427891539858476,0.4648011984877677,0.04818520401063598
KCNIP3,1.3955,4,0.3125664259197056,0.3922600037572797,0.5228570710330549,0.16781266734014533
IKZF1,1.3937,5,0.25238475024084445,0.39958669922975765,0.6801651839061823,0.061522075329698056
E2F2,1.3935,2,0.11869414146494578,0.33577556515749263,0.22116046426278962,0.7178938124130252
MYOG,1.3908,4,0.42701401419638774,0.37103137328574115,0.5392401953250733,0.05349997688045845
POU2F3,1.3901,5,0.41217620211585354,0.4111716450623082,0.4244884031254426,0.14228200842884892
PAX2,1.3877,5,0.5581513436860178,0.2990794664662784,0.48871270221025565,0.04180095059329043
PRDM4,1.3853,5,0.47927857474110813,0.4020915523827416,0.45925243755934825,0.0446990342014046
CIITA,1.3853,4,0.2135998848658532,0.3333333333333333,0.7846505698148714,0.05374756863123153
MYF6,1.3853,4,0.3864477550231721,0.40015029118917905,0.44847113655419113,0.1501843939230877
POU3F4,1.3839,5,0.6923106557280745,0.3897551506042958,0.26618337689427485,0.03567827126401138
NONO,1.3819,5,0.39167554638428603,0.4069760160310602,0.41887759782351797,0.1643222911453215
POU1F1,1.3806,5,0.47926147655226803,0.38631097751894294,0.40868378974041375,0.10638514766376408
SIX4,1.3806,4,0.494333347319937,0.2962615066691715,0.44516481761401117,0.1448349362882143
TBX2,1.378,5,0.5643688201126115,0.5144968376228943,0.2286892294185086,0.07040167508244982
TBX21,1.3779,4,0.3257771781748592,0.2838624835619012,0.7163837949289744,0.051910250562861124
NR4A2,1.3772,4,0.5186369936384473,0.3150479053165508,0.5043786053254122,0.03915782770033908
KLF12,1.3771,5,0.5778503090579223,0.3927609743878765,0.3593729870658698,0.04715748430348268
HOXB3,1.3761,4,0.40798392466424327,0.3385309036257749,0.5057490110591869,0.1238160200787298
RORA,1.3735,5,0.4792298110714381,0.32769741373911954,0.47937683962025684,0.08721292820460058
LHX3,1.3734,4,0.4599870125379244,0.3334585759909825,0.48242855409184526,0.09754768810504572
ZNF423,1.3709,4,0.4842143977827829,0.3827415617759409,0.42870496425032545,0.07526288819408399
SON,1.3706,4,0.55478724320039,0.33802993299517814,0.36001381996176907,0.11780219499794073
FOXE1,1.3697,3,0.40690047689531283,0.3544367211472227,0.49350969041127357,0.11489216369682342
FOXJ1,1.3696,5,0.45829678517618155,0.40791533596342916,0.4125275698790361,0.09082440701959132
TCF20,1.3684,4,0.5049156275775645,0.353935750516626,0.4461355207856419,0.0634604019584682
RFX5,1.3682,6,0.2962613468794165,0.4136764982152921,0.6080068243098385,0.05027971607333468
NR0B1,1.368,3,0.49268314159402543,0.3472978896612186,0.3747604499385466,0.15326238152714977
NOTO,1.3673,3,0.43611242738670086,0.37240904251988227,0.5128233571692021,0.04598453445998826
ZNF263,1.3672,4,0.4738482384564726,0.31122800425825037,0.49358362998200234,0.08858871775096588
PML,1.3625,4,0.5028897939270218,0.35168138267894045,0.39074135132985394,0.11715252419590888
HOXD4,1.3615,4,0.476021099749457,0.4411046402404659,0.33085412514922363,0.11355708728923125
TADA2A,1.3607,5,0.37484029909159394,0.5086104327133822,0.4253697710836051,0.05190666111382223
ZNF300,1.3603,4,0.5373550613475249,0.352683323940134,0.3831765264245233,0.08705572077476512
ZBTB38,1.3582,4,0.4779616117351376,0.3673367148850899,0.43276818601923417,0.0801678843270135
NR2F6,1.3578,5,0.5989755567640853,0.4236332894984032,0.2661464740658309,0.0690523335749772
HOXB13,1.3538,4,0.29174618348121323,0.4670924917026739,0.40559237715578855,0.18932831484528195
LRRFIP1,1.35,5,0.37351964072254706,0.4343415367274094,0.5120609082609361,0.03005264494098628
SALL3,1.35,5,0.41561764618479224,0.43490512868683073,0.38249574093479993,0.11699830641568522
ESRRG,1.3487,4,0.4875096235303814,0.35575176905253925,0.3908269894535616,0.11462870608276382
MTA3,1.3481,3,0.4421744048863879,0.34773623896299083,0.41827200161873984,0.1399581525392454
PROP1,1.3474,4,0.40464800162697045,0.4034692216168827,0.479916578688684,0.05936801564725586
BHLHE40,1.3472,4,0.5204523316027729,0.37065564531279355,0.4297529196918856,0.026308810645408486
FEZF1,1.3446,3,0.3862196762384255,0.4657148224685328,0.3894391197533055,0.10319806199663972
ASCL2,1.3435,3,0.3459890057918881,0.3617634166197007,0.5223393988301059,0.11343720062608464
NKX2.2,1.3434,5,0.33254067559557576,0.4312104702861795,0.5066004325902888,0.07302948595288436
TRIM28,1.3425,5,0.5668059103540452,0.36902749076335395,0.38141750806319696,0.025249725323020805
HNF1A,1.3422,4,0.4571550594582309,0.34754837497651697,0.4294940130743188,0.10797658379920871
ZNF91,1.3422,4,0.4589531982515175,0.3272590644373473,0.5269667524517249,0.02903052128459152
HOXA9,1.3414,4,0.2564558227105702,0.3794852526770618,0.6370276211061965,0.06846202032637688
THRA,1.3407,4,0.5292205373931531,0.30365082347047406,0.46836955478205416,0.03941705166519588
CREB5,1.3397,4,0.3342827004834865,0.3739119544116726,0.4727269914879842,0.15880958134872425
NR2C1,1.3369,5,0.47027262319374086,0.40284300832863673,0.3930581969158523,0.0706902923350743
VEZF1,1.3369,5,0.4653591581963107,0.5082973260692591,0.30576789050831366,0.05749296941596237
TOX,1.3359,4,0.5213249622010945,0.40685077337341097,0.27969084159522706,0.12799097150743957
MSX1,1.3324,4,0.4421076424813116,0.33070323752270026,0.489543479654827,0.0700468438678781
TBX20,1.3312,3,0.39416454245163723,0.30671926858287935,0.4835789785359016,0.146740642396715
HES5,1.3273,4,0.5113594485294014,0.32199887281608114,0.4377748864093862,0.05615926475744952
HIVEP1,1.3256,6,0.36883540775584533,0.4302711503538105,0.46920741675819544,0.05726127390792726
NKRF,1.3234,4,0.4097599868950668,0.38324253240653766,0.423715327864718,0.1066514523777015
LHX4,1.3224,4,0.44933139725123017,0.36952846139395074,0.4106204036587774,0.09291936620549932
HSF2,1.3204,5,0.3864536339433613,0.3841818523389066,0.3541967895693315,0.19558314167274932
HEYL,1.3203,4,0.3356212253841913,0.38956728661782203,0.46497847727851027,0.13016985743344048
KLF17,1.3186,3,0.44945712740643423,0.3467342977017972,0.3540726999325281,0.16829815356498032
TBPL2,1.3178,3,0.5087763151000063,0.38324253240653766,0.413337051018835,0.012417480062199667
PKNOX1,1.3175,5,0.43155609008235796,0.4039701922474795,0.4306824530329191,0.051337728767396285
CRX,1.3165,3,0.4686584188413355,0.359070699480243,0.3744504024704411,0.11432134237168232
EN1,1.3153,4,0.43738349032448764,0.3603857473855595,0.5015921581563854,0.01592960482845705
GATA2,1.3122,4,0.46322484332094727,0.2375853215605235,0.5723149142191891,0.03911768008674003
PAX5,1.3112,5,0.34436526032911347,0.39144592648255994,0.48305723197097583,0.09230226139651626
MESP2,1.3112,4,0.4172503200350288,0.3938255369778947,0.3912258809694199,0.1089011076254542
NR0B2,1.3084,5,0.32562673762679606,0.4220677562777882,0.5363522276728487,0.024372421290891753
DNMT3B,1.3084,3,0.3314391490860186,0.3262571231761538,0.3815946823032665,0.2691000604722456
ZFP64,1.3074,5,0.4847649010205951,0.38887845200075144,0.3370623178709478,0.09666588246137243
ZNF699,1.3068,4,0.2802482366464033,0.3900682572484188,0.5697484527888452,0.06668842510493062
KDM2A,1.3061,4,0.57905669167771,0.3288872189867869,0.3579055761032874,0.040220036653509296
GCM1,1.3056,5,0.4526618204174372,0.38380612436595907,0.38790814821000913,0.08125671970098393
ATF5,1.3055,4,0.29110494944510124,0.21360135262070262,0.5473282260557888,0.253443340235337
NFIB,1.3051,4,0.4551398357682886,0.2890600538543428,0.5153772137924344,0.045512059208958955
PHF5A,1.3049,4,0.5424491449597202,0.341474106080531,0.3199766161697533,0.1010447859482542
ESRRB,1.3034,4,0.5011775417135071,0.38148913519944894,0.3996978671513196,0.020985864924171954
ZBTB33,1.3021,4,0.5168611387382254,0.38123864988415057,0.326767668661573,0.0772622167614682
NEUROD6,1.3019,5,0.33530648826199794,0.4148663034629595,0.4462296141669788,0.10554032783385286
POU2F2,1.3017,5,0.31710234237937857,0.4115473730352558,0.49684886362191666,0.07620397738996079
NR5A2,1.2995,3,0.38801096873132745,0.36790030684451125,0.4308110027569487,0.11278872397018488
PRDM2,1.2984,3,0.4197589598231716,0.35938380612436593,0.45163142667737965,0.0676275310678966
FOXI1,1.2931,3,0.4370336357889062,0.3758532156052351,0.45632767785790357,0.023904997597374866
MLX,1.2926,5,0.5831279505010589,0.1818523389066316,0.41111139897890775,0.1165205381294521
SF1,1.2898,4,0.5639778911895791,0.23201202329513432,0.40870178268881163,0.08512937611325111
NKX6.2,1.2892,3,0.43263940369619314,0.3335211973198071,0.46813979733705324,0.05492641987792009
TFDP3,1.2888,4,0.5565925331920047,0.35575176905253925,0.3764300285357315,0.0
TBX5,1.2869,4,0.31356175232889677,0.4176842632600664,0.5033633844771617,0.052279246391435275
ZNF350,1.2859,3,0.4000476019353294,0.3314546934685954,0.36090343852517937,0.19350559926007493
PAWR,1.2831,4,0.5547845415606913,0.2705867618510865,0.35087832895927723,0.10680489742931261
GTF2I,1.2821,4,0.5163722512282016,0.25292754712254994,0.42500946855385535,0.0878346950909486
FOXO3,1.2819,4,0.4901668276466016,0.23082221804746697,0.5414959748649291,0.01940349121279818
POU2F1,1.2811,4,0.34243872681651405,0.3236270273655206,0.44027537503029385,0.17478741394591935
IKZF4,1.2809,4,0.4489797162550073,0.36946584006512617,0.44809517811726046,0.014359935959493064
ZNF219,1.2809,4,0.42159418981717395,0.3729726344793037,0.4066100053389001,0.07968662474073863
PAX8,1.2801,5,0.36097760234536586,0.4083536852652013,0.4272717947454352,0.08349093128192997
NEUROG2,1.2796,3,0.44088626717592316,0.346922161688271,0.4587200584134132,0.033115146814385786
VHL,1.2772,4,0.5233495201586412,0.30170956227691154,0.42768086682747763,0.02441733536253529
HOXD13,1.2738,4,0.4398091203059359,0.2904377230884839,0.4803428255544951,0.06323358118395857
MXD1,1.2727,5,0.32714606017833836,0.3916964117978583,0.40265833735863804,0.15124660053937702
SHOX2,1.2719,4,0.3809834765237823,0.3551255557642933,0.4541454975429684,0.08166410736665242
ENO1,1.2714,4,0.27636040881645113,0.5287118792660781,0.3770101432945366,0.08933440553582778
SALL4,1.2707,5,0.40268762736965236,0.3198071263072202,0.511237222911175,0.03692700927043763
PATZ1,1.2655,4,0.45823235902110826,0.3259440165320308,0.2828696327385952,0.19844075985146412
SOX3,1.2638,3,0.4257609724344959,0.3494270148412549,0.42267580766044544,0.06598050287308599
TFDP1,1.263,2,0.347426851319678,0.263197445049784,0.26747271937486017,0.3849247790759549
TBX6,1.2599,3,0.49639565213073733,0.32744692842382117,0.38139209112721373,0.05470870592821812
ZBTB14,1.2593,4,0.27357867169631256,0.3917590331266829,0.5037220422246196,0.09020851193594627
POU3F2,1.2571,4,0.35900048797135264,0.38994301459076963,0.479631799561137,0.0285256334956915
TBX1,1.2557,4,0.3151372570829543,0.32606925918968,0.510697827747728,0.10375143694805598
UBTF,1.2554,3,0.4724167582220715,0.43333959546621575,0.1269816908298606,0.2226162919171777
PROX1,1.2544,4,0.3367182769676098,0.4335274594526896,0.4226826510581225,0.06150353529571917
UTF1,1.2532,2,0.4549131024371874,0.3233765420502223,0.3124267816064674,0.16246922016290738
PDX1,1.2519,4,0.4081618787148996,0.3075333458575991,0.4628397508927079,0.07338937106184937
TBR1,1.249,4,0.31142217271976175,0.43008328636733667,0.3853857964862118,0.12207847280285056
SUPT20H,1.2452,4,0.5133493661778621,0.29807752520508485,0.3829202331288883,0.0508760911909499
RFX3,1.2419,2,0.2799993194287629,0.37015467468219676,0.20524865885421797,0.3864522610132678
TLX3,1.2414,4,0.4509606191689085,0.3216857661719582,0.44721391737914995,0.021512219300878772
KDM5A,1.2398,3,0.4530926504806336,0.31986974763604487,0.3793746288406614,0.0874967003241908
NEUROD1,1.2397,4,0.3640029587764769,0.38894107332957606,0.42684227121703844,0.05994989665066391
DMRT1,1.2385,4,0.3108153926391126,0.421942513620139,0.39444968451429524,0.11131995227029845
ING4,1.2354,3,0.3510714437661482,0.42288183355250797,0.3597903333326737,0.10167986916084351
TBX3,1.2342,3,0.24818363074886995,0.578683699668107,0.34802842576020954,0.05927858633163978
ARID1B,1.2341,3,0.2786721655139257,0.266766860792786,0.4569855965582751,0.23171054820047393
ZNF160,1.2322,4,0.31751002312718707,0.4022794163692153,0.3200334930706269,0.19242666914521445
SFPQ,1.2314,4,0.4712654211452654,0.30671926858287935,0.4022361470589445,0.051157859045701345
SP2,1.2309,2,0.4159461617670158,0.35412361450309976,0.24539744668784108,0.21547288638627293
NAB2,1.2303,4,0.5470945880782827,0.37685515686642873,0.19446219304580808,0.11189236734820289
NKX6.3,1.228,2,0.4574298778781387,0.38324253240653766,0.30444187476586876,0.08285688564445347
TRERF1,1.2278,3,0.5404711802863218,0.3426639113281984,0.22428916273172927,0.12039067148932409
YY1,1.2269,4,0.5059979552734093,0.1931241780950592,0.48499998234650754,0.0427551278800421
BRCA1,1.2208,4,0.530612130146818,0.24835619011835428,0.3749589961157903,0.06683290432354744
OTX2,1.2177,3,0.3535075651638763,0.3794226313482372,0.4223194019789764,0.06247698639704752
HOXB1,1.2173,4,0.30186746048730956,0.4305842569979335,0.3967919870769602,0.08809216483722127
KLF11,1.2169,5,0.33333596114707653,0.3600726407414365,0.4603604695972764,0.0630952612043935
EBF1,1.2143,3,0.25438032874648503,0.32826100569854094,0.5570932558121027,0.07455548942355752
YBX1,1.2138,3,0.39324858463593915,0.24278289185296512,0.5237602415881856,0.05402558267632186
GFI1,1.2112,4,0.29879038799876106,0.2870561713319557,0.5722414804957596,0.0531523105426792
NEUROG3,1.2107,4,0.42065652278005516,0.3157367399336214,0.4124854595372771,0.06180277912468668
MECP2,1.2074,4,0.4209690582951774,0.37197069321811005,0.2975029667121049,0.1169949810341863
IRX4,1.2056,4,0.30104693524011966,0.4295823157367399,0.40227604048153653,0.07274417227087054
BCL11A,1.1986,3,0.3403589872095439,0.3795478740058864,0.4357884035995243,0.04294403899387993
HLF,1.1967,4,0.17006796047349498,0.3908823345231386,0.5029537923111324,0.13283437524985148
NR6A1,1.1947,4,0.2526759058243252,0.44580123990231074,0.3837856039442686,0.11247410735979758
RFXAP,1.1928,4,0.29669149201987244,0.3955789341849834,0.45070478961244015,0.049855579982365575
MNT,1.191,3,0.3663815056857202,0.3069071325693531,0.4331084953460055,0.0845594124233947
LMX1A,1.1898,3,0.3342675194929158,0.3539983718454506,0.439588486895535,0.061948449373594394
NCOA6,1.1883,4,0.40297969911047404,0.40478426952219926,0.3394246661343759,0.04113033510684935
ONECUT1,1.1868,5,0.273183129301516,0.41436533283236265,0.4299276203075184,0.06934958482351034
SPDEF,1.186,3,0.3683201263284771,0.43885027240278035,0.32964100500321325,0.049218244016603435
CTCF,1.1858,4,0.41555343321436117,0.21742125367900308,0.469508833679458,0.08328881679109362
ZNF236,1.1847,4,0.4345105823773371,0.28467656083662096,0.3857456963846459,0.07976195020125529
NEUROG1,1.184,2,0.2735289835760775,0.30552946333521197,0.3373430675710627,0.26755245876947575
FOXP3,1.1837,3,0.3363341616599025,0.31154111090237335,0.5016477070412619,0.03418718780439821
JARID2,1.1806,4,0.38971030058958434,0.3231886780637485,0.4036033522074318,0.06413924560250428
HDAC1,1.1805,5,0.39659319116664543,0.4136764982152921,0.31592618561958186,0.05433932996702007
RCOR2,1.1751,4,0.45347681359633846,0.23927609743878764,0.3800781218467961,0.10227088736851073
SETBP1,1.174,3,0.3081513617359761,0.4325881395203206,0.29443479907884074,0.13879415606538056
INSM1,1.1723,4,0.3730507384190116,0.34911390819713195,0.36324608855199636,0.0869335307260265
KMT2B,1.1715,3,0.32425232501853835,0.29795228254743567,0.3864239602011126,0.16287865960999265
POU5F1,1.1698,4,0.34783345150917444,0.3657711816644749,0.3513722525880482,0.10481772609525089
SATB1,1.1682,3,0.24603503152680833,0.3567537103137329,0.5238903088541134,0.04155596368574348
NR1D1,1.1626,4,0.33446931753843473,0.3786711754023421,0.3395705441314602,0.10984524878776641
PITX1,1.1572,4,0.24658196379990518,0.41906193249420753,0.4099621406085292,0.08154435001091478
SIRT1,1.1566,4,0.22886776598431663,0.44755463710939947,0.4151768416710517,0.06501437399852969
PAX4,1.1555,3,0.3422674556409445,0.38405660968125743,0.32454621155056895,0.10458704790936094
HCFC1,1.1546,2,0.277970692913057,0.3503037134447993,0.1717829902913337,0.35451098009968324
CREBZF,1.1541,3,0.3902537482450635,0.3202454756089924,0.29157518912834157,0.1520013896963245
FOXD3,1.1525,3,0.36925638546885153,0.33427265326570227,0.40598219100384003,0.0430013291866888
E2F1,1.1508,2,0.12306094103595933,0.3823658338029933,0.18962437402531188,0.4557699030119653
RORB,1.1494,4,0.4611552619377842,0.3129187801365145,0.354337467616341,0.02103380759344205
NKX6.1,1.1441,3,0.2921670572850003,0.43177406224560083,0.3322078454853592,0.08798145432634859
SALL2,1.1439,4,0.319553161321498,0.40259252301333837,0.22648982805057077,0.19524876361864074
SIX3,1.1437,3,0.2229914737714622,0.32619450184732923,0.48304879406430923,0.11143518854048454
TBPL1,1.1412,5,0.39482531581148494,0.4387876510739558,0.280449701078681,0.027105562393442126
ETV3,1.1388,3,0.39138441860749784,0.3601352620702611,0.3531511871852615,0.034121699054485526
HSF4,1.1383,2,0.25914814863070895,0.3761037009205335,0.3572649345128751,0.14581632655286825
NHLH2,1.1362,3,0.24008389296676036,0.47673617634166193,0.2756806007687042,0.1437472413121156
HIF3A,1.1311,3,0.4257318529734542,0.3803619512806061,0.22103112440260897,0.10397339389448428
PEG3,1.1301,3,0.2584054704143144,0.3335211973198071,0.4488891479412347,0.08926759411133435
HDAC5,1.1244,2,0.2556585794703532,0.35932118479554137,0.32872097598571226,0.1806599628928242
NCOR1,1.1221,3,0.30233035898445815,0.4055357254680944,0.27716610033242806,0.13706006893113123
PA2G4,1.1212,4,0.432771825507545,0.4240090174713508,0.20866790898255103,0.055777004792973844
SREBF2,1.1199,4,0.3758137348041084,0.2928173335838187,0.34596100248858713,0.10534650459639541
ARID4B,1.1191,3,0.34849312528507836,0.42169202830484065,0.1668727923969654,0.1820493266012884
CTBP2,1.1177,3,0.42953171408790397,0.3054668420063874,0.3364045059457318,0.046319259151428066
KLF13,1.1177,3,0.2993170374849766,0.3672114722274407,0.4126729722817818,0.038449629716550054
HEY2,1.1175,4,0.2678187226846932,0.29262946959734487,0.5340588610537605,0.022946663778489612
SMARCA4,1.1173,3,0.3424205651436467,0.21191057674243846,0.41858330236023344,0.14433969046984452
MEIS2,1.1123,2,0.36665273118826075,0.3452313858100069,0.32024942491257136,0.0801273316540611
ZBTB18,1.1089,3,0.3811564653724068,0.43740998183981467,0.2186638328943759,0.07167263448920863
HOXC8,1.1019,3,0.28889441886489997,0.36188865927734987,0.36470938689150456,0.0863739669350673
SMARCB1,1.0991,2,0.34256127969122757,0.3510551693906945,0.21453849957259327,0.19089987970360373
KLF1,1.0987,3,0.29588272900359136,0.33627653578808947,0.39882281583340023,0.06771783671384443
IKZF3,1.0962,3,0.2939741961777451,0.2863047153860605,0.48067831798706223,0.03523912227127871
PTF1A,1.0943,3,0.2627015141489456,0.4149915461206087,0.3423061427469366,0.07427836962488574
BCL11B,1.094,4,0.22273132265006967,0.3298265389191558,0.4938713765690804,0.047569230252001125
E2F6,1.0927,3,0.36771072607685995,0.5406725530715761,0.1556158040698105,0.028711703741333826
SP4,1.0894,3,0.2101139569186991,0.38324253240653766,0.34667052161756273,0.14935104428351884
FOXG1,1.0884,3,0.28462318406614306,0.427703675872002,0.26391505305322915,0.11214865619066852
PLAGL2,1.0866,2,0.40419195625992055,0.3825536977894671,0.23598885242106044,0.06388378479483213
HIPK2,1.0771,2,0.36713782967055997,0.38324253240653766,0.25556251579293526,0.07115068513296946
SMARCA5,1.0661,3,0.277511956638716,0.4310226062997057,0.23138368178290133,0.1261589347898686
MAZ,1.0635,4,0.3915457169372099,0.2526770618072515,0.3775247888667225,0.04179014797192078
FOXN4,1.0608,4,0.357127542345646,0.2874318993049032,0.3635983571410846,0.052644088024756716
TOX3,1.0594,3,0.3320040742404813,0.31104014027177657,0.3786709618800024,0.03768183815436014
TFAM,1.0535,2,0.2984851334465318,0.3707182666416181,0.12728926422863296,0.2569854144670126
POU4F1,1.0508,3,0.2526601169892141,0.43427891539858476,0.34448822340505997,0.019383127632768952
DAXX,1.048,3,0.22736717782593882,0.5146220802805436,0.15120617522295615,0.15475621549556423
ATOH1,1.048,2,0.3021983572005134,0.3379673116663535,0.2649570281962862,0.14291035051904616
NEUROD2,1.0418,3,0.21573277867288113,0.42858037447554637,0.288317502712338,0.10911937775280672
HOXC6,1.0412,3,0.2532129408662546,0.4091051412110965,0.35476561819419605,0.024162043589247128
DACH1,1.0389,3,0.25624174386372006,0.3835556390506606,0.2545596799729343,0.14450770130000995
POU4F3,1.0387,2,0.2973326641007223,0.37616632224935814,0.32104669764802374,0.044156851351505454
POU4F2,1.0284,2,0.2652904303946982,0.37892166071764044,0.347810880278727,0.036353101704608155
SIM2,1.0267,2,0.3713991555300684,0.31592460392009514,0.25993430085528746,0.07946292603909096
ZMYND8,1.0241,3,0.33706505081436927,0.37303525580812824,0.19945474216867942,0.11452287575813866
NRF1,1.018,3,0.18172655437600949,0.31598722524891976,0.39247871746922264,0.1278333356494419
ZNF24,1.0076,2,0.3368940177031141,0.305216356691089,0.2929903817011073,0.07254015789587494
MTF2,1.006,2,0.22840455429600037,0.3281983843697163,0.24200030746973789,0.20743884491779194
SMARCC1,1.0024,2,0.2695921954782614,0.3286993550003131,0.274669009385949,0.12946849482623918
ZNF804A,1.0007,2,0.27694283121018237,0.34855031623771054,0.24541001056447623,0.12983821430892728
POU3F1,1.0005,3,0.21075821846943182,0.30114597031749013,0.3992713529027232,0.08937307701966798
ZNF202,1.0003,2,0.25731429872675843,0.33527459452689584,0.11180413812525233,0.2958586599290548
HDAC9,0.9963,2,0.25735449695947865,0.38167699918592274,0.11832372457183482,0.2389886842619049
PIAS1,0.9946,3,0.3067658327926135,0.26238336777506416,0.381011739337529,0.044443932494428406
NR2E1,0.9935,2,0.2341972137346819,0.34635856972884965,0.36301460401885455,0.04988143523247385
MEIS1,0.9893,2,0.1899794011729846,0.3181163504289561,0.30099837333033375,0.180191904346667
HMGB2,0.9822,2,0.25408194488647595,0.359070699480243,0.23379899497244194,0.13522878702608598
KLF7,0.9617,2,0.31090120018933753,0.37103137328574115,0.2765213790412812,0.003263800792807093
GTF2IRD1,0.954,3,0.29107874334489015,0.3381551756528274,0.261524001848406,0.06321584581596433
TSHZ3,0.9398,3,0.2094631720154836,0.39407602229319305,0.24071754100404436,0.0955640415663184
TLX2,0.9372,3,0.17583161509276152,0.2707746258375603,0.38440726580588713,0.10613913330758815
CTBP1,0.9329,3,0.29069113756552445,0.34047216481933745,0.29101476192863207,0.01072159625665333
MYCN,0.9153,3,0.12163353960428856,0.0,0.3595148374151078,0.4341960562673556
TFAP2D,0.9149,3,0.20540007567596225,0.2712755964681571,0.38971806005943044,0.04847687556657676
HAND1,0.9056,2,0.14743352160857773,0.3659590456509487,0.3423793371160591,0.04982256219234573
BCLAF1,0.8942,2,0.3631539858193946,0.17546496336652265,0.2275546214892631,0.12802403058235506
GATA3,0.8933,3,0.3331619644278096,0.1174149915461206,0.3948146953835077,0.047924881711763366
ATOH7,0.891,3,0.17388699015578102,0.42663911328198384,0.2031484707363253,0.08737041839702309
ZEB1,0.8888,3,0.1283292555290422,0.411046402404659,0.2153953906610377,0.13407655986331674
BCOR,0.8725,3,0.3292485129746778,0.24597657962301958,0.2254383250044678,0.07185819996857985
HES6,0.839,2,0.2280697319607931,0.32456634729788963,0.16522000508278212,0.12114418237242762
BACH2,0.8234,2,0.20703653757825002,0.34153672740935564,0.18174928988115058,0.09305663692554715
ASCL1,0.821,3,0.10499284110360843,0.21335086730540423,0.4387608602078451,0.06393471633475376
ZNF382,0.7956,3,0.12200316664955295,0.4228192122236834,0.10746074101758629,0.14333225333084976
FEV,0.7587,3,0.05107886903114,0.3988352432838625,0.2612381073653801,0.04755731293844948
MXI1,0.7491,2,0.1295163627447542,0.35412361450309976,0.2092310856425157,0.056273408925302124
ARID3B,0.749,2,0.21162098257029877,0.2517377418748826,0.19047344605809544,0.09515645292889383
PHOX2A,0.6976,2,0.09471588808587993,0.27497025486880833,0.28850615127755974,0.039390385517420634
ISL1,0.6946,2,0.19409091237892845,0.1445300269271714,0.29089080042201526,0.06513063615942413
PHOX2B,0.678,2,0.12703586235370332,0.2931304402279416,0.1724198960859915,0.08541850124798786
MYT1,0.6363,2,0.09741068197193328,0.24472415304652764,0.2478711463120167,0.04628940238228492
SOX11,0.4842,2,0.1819286329276365,0.04652764731667608,0.15091355034595932,0.10485051409198373
